Rk,Player,From,To,Yrs,G,MP,FG,FGA,3P,3PA,FT,FTA,ORB,TRB,AST,STL,BLK,TOV,PF,PTS,FG%,3P%,FT%,MP.1,PTS.1,TRB.1,AST.1,STL.1,BLK.1
1,Kareem Abdul-Jabbar,1976,1989,14,1093,37492.0,9935,17520,1.0,18.0,4305,5842,2494.0,10279.0,3652,983.0,2694.0,2527.0,3224,24176,0.567,,0.737,34.3,22.1,9.4,3.3,0.9,2.5
2,Tom Abernethy,1977,1978,2,143,2695.0,370,753,,,192,245,218.0,556.0,199,104.0,32.0,50.0,240,932,0.491,,0.784,18.8,6.5,3.9,1.4,0.7,0.2
3,Gary Alcorn,1961,1961,1,20,174.0,12,40,,,7,8,,50.0,2,,,,47,31,0.3,,0.875,8.7,1.6,2.5,0.1,,
4,Lucius Allen,1975,1977,3,210,6881.0,1376,3045,,,599,775,203.0,712.0,1081,339.0,67.0,,618,3351,0.452,,0.773,32.8,16.0,3.4,5.1,1.6,0.3
5,Cliff Anderson,1968,1969,2,53,383.0,51,137,,,59,110,,55.0,48,,,,76,161,0.372,,0.536,7.2,3.0,1.0,0.9,,
6,Kostas Antetokounmpo,2020,2021,2,20,76.0,6,13,0.0,0.0,7,15,6.0,22.0,3,2.0,4.0,12.0,10,19,0.462,,0.467,3.8,1.0,1.1,0.2,0.1,0.2
7,Carmelo Anthony,2022,2022,1,69,1793.0,319,723,149.0,397.0,132,159,62.0,288.0,68,47.0,52.0,59.0,166,919,0.441,0.375,0.83,26.0,13.3,4.2,1.0,0.7,0.8
8,Trevor Ariza,2008,2022,3,130,2892.0,362,800,86.0,280.0,171,247,146.0,518.0,208,176.0,38.0,116.0,222,981,0.453,0.307,0.692,22.2,7.5,4.0,1.6,1.4,0.3
9,Chucky Atkins,2005,2005,1,82,2903.0,388,910,176.0,455.0,163,203,31.0,197.0,358,73.0,2.0,151.0,181,1115,0.426,0.387,0.803,35.4,13.6,2.4,4.4,0.9,0.0
10,D.J. Augustin,2022,2022,1,21,373.0,39,86,29.0,68.0,5,5,4.0,27.0,33,7.0,1.0,11.0,22,112,0.453,0.426,1.0,17.8,5.3,1.3,1.6,0.3,0.0
11,Lonzo Ball,2018,2019,2,99,3203.0,388,1020,165.0,523.0,52,119,123.0,611.0,631,157.0,62.0,239.0,231,993,0.38,0.315,0.437,32.4,10.0,6.2,6.4,1.6,0.6
12,Mo Bamba,2023,2023,1,9,88.0,11,27,5.0,16.0,6,11,11.0,41.0,4,1.0,5.0,8.0,19,33,0.407,0.313,0.545,9.8,3.7,4.6,0.4,0.1,0.6
13,Jim Barnes,1967,1968,2,122,2111.0,318,732,,,187,275,,661.0,74,,,,400,823,0.434,,0.68,17.3,6.7,5.4,0.6,,
14,Matt Barnes,2011,2012,2,116,2460.0,306,666,80.0,245.0,155,205,170.0,572.0,197,74.0,70.0,131.0,279,847,0.459,0.327,0.756,21.2,7.3,4.9,1.7,0.6,0.6
15,Dick Barnett,1963,1965,3,232,7190.0,1463,3267,,,964,1213,,692.0,621,,,,631,3890,0.448,,0.795,31.0,16.8,3.0,2.7,,
16,Jon Barry,1998,1998,1,49,374.0,38,104,18.0,61.0,27,29,8.0,37.0,51,24.0,3.0,22.0,33,121,0.365,0.295,0.931,7.6,2.5,0.8,1.0,0.5,0.1
17,Brandon Bass,2016,2016,1,66,1342.0,174,317,0.0,2.0,125,148,104.0,285.0,74,33.0,55.0,42.0,125,473,0.549,0.0,0.845,20.3,7.2,4.3,1.1,0.5,0.8
18,Billy Ray Bates,1983,1983,1,4,27.0,2,16,0.0,0.0,1,2,1.0,1.0,0,1.0,0.0,0.0,1,5,0.125,,0.5,6.8,1.3,0.3,0.0,0.3,0.0
19,Elgin Baylor,1959,1972,14,846,33863.0,8693,20171,,,5763,7391,,11463.0,3650,,,,2596,23149,0.431,,0.78,40.0,27.4,13.5,4.3,,
20,Kent Bazemore,2014,2022,2,62,1188.0,156,385,62.0,169.0,60,90,18.0,146.0,105,56.0,16.0,72.0,130,434,0.405,0.367,0.667,19.2,7.0,2.4,1.7,0.9,0.3
21,Ed Beach,1951,1951,1,11,,8,35,,,6,9,,25.0,2,,,,14,22,0.229,,0.667,,2.0,2.3,0.2,,
22,Malik Beasley,2023,2023,1,26,621.0,105,268,66.0,187.0,13,21,8.0,86.0,31,21.0,1.0,30.0,32,289,0.392,0.353,0.619,23.9,11.1,3.3,1.2,0.8,0.0
23,Michael Beasley,2019,2019,1,26,277.0,75,153,3.0,17.0,28,39,13.0,60.0,25,9.0,10.0,27.0,42,181,0.49,0.176,0.718,10.7,7.0,2.3,1.0,0.3,0.4
24,Zelmo Beaty,1975,1975,1,69,1213.0,136,310,,,108,135,93.0,327.0,74,45.0,29.0,,130,380,0.439,,0.8,17.6,5.5,4.7,1.1,0.7,0.4
25,Benoit Benjamin,1993,1993,1,28,306.0,52,108,0.0,0.0,22,37,24.0,96.0,10,14.0,13.0,36.0,61,126,0.481,,0.595,10.9,4.5,3.4,0.4,0.5,0.5
26,Mario Bennett,1998,1998,1,45,354.0,80,135,1.0,2.0,16,44,60.0,126.0,18,19.0,11.0,21.0,61,177,0.593,0.5,0.364,7.9,3.9,2.8,0.4,0.4,0.2
27,Patrick Beverley,2023,2023,1,45,1211.0,97,241,55.0,158.0,39,50,24.0,140.0,118,40.0,25.0,42.0,124,288,0.402,0.348,0.78,26.9,6.4,3.1,2.6,0.9,0.6
28,Tarik Black,2015,2017,3,144,2390.0,319,588,1.0,2.0,151,243,272.0,741.0,89,56.0,84.0,109.0,353,790,0.543,0.5,0.621,16.6,5.5,5.1,0.6,0.4,0.6
29,Alex Blackwell,1993,1993,1,27,109.0,14,42,0.0,3.0,6,8,10.0,23.0,7,4.0,2.0,5.0,14,34,0.333,0.0,0.75,4.0,1.3,0.9,0.3,0.1,0.1
30,Steve Blake,2011,2014,4,204,4884.0,413,1077,250.0,653.0,102,127,57.0,476.0,723,147.0,13.0,278.0,306,1178,0.383,0.383,0.803,23.9,5.8,2.3,3.5,0.7,0.1
31,John Block,1967,1967,1,22,118.0,20,52,,,24,34,,45.0,5,,,,20,64,0.385,,0.706,5.4,2.9,2.0,0.2,,
32,Mike Bloom,1949,1949,1,24,,13,92,,,29,40,,,15,,,,22,55,0.141,,0.725,,2.3,,0.6,,
33,Corie Blount,1996,1999,4,199,2915.0,291,566,1.0,10.0,126,217,320.0,790.0,116,77.0,90.0,154.0,414,709,0.514,0.1,0.581,14.6,3.6,4.0,0.6,0.4,0.5
34,Vander Blue,2015,2018,2,7,119.0,10,35,2.0,12.0,3,7,2.0,10.0,11,4.0,0.0,9.0,6,25,0.286,0.167,0.429,17.0,3.6,1.4,1.6,0.6,0.0
35,Tony Bobbitt,2005,2005,1,2,12.0,2,5,1.0,2.0,0,0,0.0,3.0,0,0.0,0.0,0.0,1,5,0.4,0.5,,6.0,2.5,1.5,0.0,0.0,0.0
36,Andrew Bogut,2018,2018,1,24,216.0,17,25,0.0,0.0,2,2,26.0,78.0,15,4.0,13.0,19.0,40,36,0.68,,1.0,9.0,1.5,3.3,0.6,0.2,0.5
37,Isaac Bonga,2019,2019,1,22,120.0,5,33,0.0,8.0,9,15,9.0,25.0,15,9.0,4.0,6.0,9,19,0.152,0.0,0.6,5.5,0.9,1.1,0.7,0.4,0.2
38,Ron Boone,1979,1980,2,88,1689.0,273,609,0.0,0.0,96,111,57.0,156.0,161,71.0,11.0,160.0,184,642,0.448,,0.865,19.2,7.3,1.8,1.8,0.8,0.1
39,Bob Boozer,1966,1966,1,78,1847.0,365,754,,,225,289,,548.0,87,,,,196,955,0.484,,0.779,23.7,12.2,7.0,1.1,,
40,Carlos Boozer,2015,2015,1,71,1692.0,371,743,0.0,0.0,94,150,111.0,482.0,95,41.0,12.0,92.0,184,836,0.499,,0.627,23.8,11.8,6.8,1.3,0.6,0.2
41,Sam Bowie,1994,1995,2,92,1781.0,193,439,3.0,15.0,140,172,99.0,419.0,165,25.0,108.0,134.0,247,529,0.44,0.2,0.814,19.4,5.8,4.6,1.8,0.3,1.2
42,Avery Bradley,2020,2022,2,111,2592.0,318,733,145.0,383.0,36,42,49.0,251.0,110,96.0,14.0,85.0,228,817,0.434,0.379,0.857,23.4,7.4,2.3,1.0,0.9,0.1
43,Adrian Branch,1987,1987,1,32,219.0,48,96,0.0,2.0,42,54,23.0,53.0,16,16.0,3.0,24.0,39,138,0.5,0.0,0.778,6.8,4.3,1.7,0.5,0.5,0.1
44,Corey Brewer,2017,2018,2,78,1052.0,131,293,13.0,67.0,52,75,34.0,145.0,77,65.0,16.0,57.0,112,327,0.447,0.194,0.693,13.5,4.2,1.9,1.0,0.8,0.2
45,Jim Brewer,1981,1982,2,149,2073.0,182,372,1.0,8.0,22,59,233.0,545.0,97,82.0,104.0,85.0,285,387,0.489,0.125,0.373,13.9,2.6,3.7,0.7,0.6,0.7
46,Frank Brickowski,1987,1987,1,37,404.0,53,94,0.0,0.0,40,59,40.0,97.0,12,14.0,4.0,25.0,105,146,0.564,,0.678,10.9,3.9,2.6,0.3,0.4,0.1
47,Bill Bridges,1973,1975,3,154,4610.0,522,1167,,,265,384,239.0,1375.0,371,65.0,36.0,,526,1309,0.447,,0.69,29.9,8.5,8.9,2.4,0.8,0.4
48,MarShon Brooks,2014,2014,1,18,228.0,43,88,11.0,19.0,18,26,8.0,30.0,21,12.0,3.0,17.0,16,115,0.489,0.579,0.692,12.7,6.4,1.7,1.2,0.7,0.2
49,Anthony Brown,2016,2016,1,29,599.0,39,126,20.0,70.0,17,20,9.0,70.0,19,14.0,5.0,15.0,34,115,0.31,0.286,0.85,20.7,4.0,2.4,0.7,0.5,0.2
50,Chaundee Brown Jr.,2022,2022,1,2,21.0,1,7,0.0,3.0,0,0,0.0,2.0,0,0.0,0.0,1.0,0,2,0.143,0.0,,10.5,1.0,1.0,0.0,0.0,0.0
51,Chucky Brown,1992,1992,1,36,381.0,55,118,0.0,3.0,25,41,29.0,76.0,23,9.0,7.0,27.0,41,135,0.466,0.0,0.61,10.6,3.8,2.1,0.6,0.3,0.2
52,George Brown,1958,1958,1,1,6.0,0,2,,,1,2,,1.0,0,,,,1,1,0.0,,0.5,6.0,1.0,1.0,0.0,,
53,Jabari Brown,2015,2015,1,19,568.0,70,170,23.0,62.0,64,85,3.0,36.0,40,12.0,2.0,32.0,33,227,0.412,0.371,0.753,29.9,11.9,1.9,2.1,0.6,0.1
54,Kwame Brown,2006,2008,3,136,3619.0,400,733,0.0,2.0,213,433,294.0,848.0,175,82.0,114.0,213.0,378,1013,0.546,0.0,0.492,26.6,7.4,6.2,1.3,0.6,0.8
55,Roger Brown,1973,1973,1,1,5.0,0,0,,,1,3,,0.0,0,,,,1,1,,,0.333,5.0,1.0,0.0,0.0,,
56,Shannon Brown,2009,2011,3,182,3404.0,548,1277,142.0,410.0,199,231,68.0,360.0,214,128.0,49.0,151.0,262,1437,0.429,0.346,0.861,18.7,7.9,2.0,1.2,0.7,0.3
57,Sterling Brown,2023,2023,1,4,24.0,0,4,0.0,2.0,0,0,3.0,8.0,2,3.0,0.0,0.0,4,0,0.0,0.0,,6.0,0.0,2.0,0.5,0.8,0.0
58,Tierre Brown,2005,2005,1,76,1066.0,124,348,26.0,72.0,59,75,21.0,93.0,155,32.0,1.0,74.0,59,333,0.356,0.361,0.787,14.0,4.4,1.2,2.0,0.4,0.0
59,Tony Brown,1991,1991,1,7,27.0,2,3,1.0,1.0,0,0,0.0,4.0,3,0.0,0.0,4.0,8,5,0.667,1.0,,3.9,0.7,0.6,0.4,0.0,0.0
60,Troy Brown Jr.,2023,2023,1,76,1860.0,200,465,107.0,281.0,34,39,62.0,308.0,95,59.0,16.0,49.0,120,541,0.43,0.381,0.872,24.5,7.1,4.1,1.3,0.8,0.2
61,Kobe Bryant,1997,2016,20,1346,48637.0,11719,26200,1827.0,5546.0,8378,10011,1499.0,7047.0,6306,1944.0,640.0,4010.0,3353,33643,0.447,0.329,0.837,36.1,25.0,5.2,4.7,1.4,0.5
62,Thomas Bryant,2018,2023,2,56,948.0,205,322,23.0,60.0,85,117,70.0,296.0,35,15.0,25.0,30.0,83,518,0.637,0.383,0.726,16.9,9.3,5.3,0.6,0.3,0.4
63,Steve Bucknall,1990,1990,1,18,75.0,9,33,0.0,1.0,5,6,5.0,7.0,10,2.0,1.0,11.0,10,23,0.273,0.0,0.833,4.2,1.3,0.4,0.6,0.1,0.1
64,Reggie Bullock,2019,2019,1,19,524.0,63,153,34.0,99.0,17,21,2.0,50.0,20,16.0,7.0,11.0,30,177,0.412,0.343,0.81,27.6,9.3,2.6,1.1,0.8,0.4
65,Bob Burrow,1958,1958,1,14,171.0,22,70,,,11,33,,64.0,6,,,,15,55,0.314,,0.333,12.2,3.9,4.6,0.4,,
66,Caron Butler,2005,2005,1,77,2746.0,441,991,38.0,125.0,275,319,146.0,450.0,146,110.0,23.0,125.0,213,1195,0.445,0.304,0.862,35.7,15.5,5.8,1.9,1.4,0.3
67,Dwight Buycks,2015,2015,1,6,123.0,18,40,7.0,11.0,9,10,2.0,12.0,14,3.0,0.0,12.0,3,52,0.45,0.636,0.9,20.5,8.7,2.0,2.3,0.5,0.0
68,Andrew Bynum,2006,2012,7,392,10174.0,1823,3221,1.0,9.0,950,1382,954.0,3076.0,461,127.0,628.0,610.0,997,4597,0.566,0.111,0.687,26.0,11.7,7.8,1.2,0.3,1.6
69,Marty Byrnes,1980,1980,1,32,194.0,25,50,0.0,0.0,13,15,9.0,27.0,13,5.0,1.0,22.0,32,63,0.5,,0.867,6.1,2.0,0.8,0.4,0.2,0.0
70,Devontae Cacok,2020,2021,2,21,107.0,20,35,0.0,0.0,5,11,14.0,37.0,2,5.0,4.0,5.0,8,45,0.571,,0.455,5.1,2.1,1.8,0.1,0.2,0.2
71,José Calderón,2017,2017,1,24,292.0,32,77,12.0,34.0,4,4,8.0,42.0,51,7.0,1.0,26.0,22,80,0.416,0.353,1.0,12.2,3.3,1.8,2.1,0.3,0.0
72,Kentavious Caldwell-Pope,2018,2021,4,292,8157.0,1120,2567,522.0,1382.0,466,566,173.0,946.0,510,298.0,69.0,290.0,524,3228,0.436,0.378,0.823,27.9,11.1,3.2,1.7,1.0,0.2
73,Corky Calhoun,1975,1976,2,133,3086.0,292,654,,,109,145,212.0,577.0,160,111.0,58.0,,376,693,0.446,,0.752,23.2,5.2,4.3,1.2,0.8,0.4
74,Demetrius Calip,1992,1992,1,7,58.0,4,18,1.0,5.0,2,3,1.0,5.0,12,1.0,0.0,5.0,8,11,0.222,0.2,0.667,8.3,1.6,0.7,1.7,0.1,0.0
75,Mack Calvin,1977,1977,1,12,207.0,27,82,,,41,48,6.0,16.0,21,11.0,1.0,,16,95,0.329,,0.854,17.3,7.9,1.3,1.8,0.9,0.1
76,Elden Campbell,1991,1999,9,618,15460.0,2469,5282,2.0,19.0,1468,2162,1207.0,3604.0,688,426.0,1022.0,758.0,1762,6408,0.467,0.105,0.679,25.0,10.4,5.8,1.1,0.7,1.7
77,Tony Campbell,1988,1989,2,76,1029.0,215,446,3.0,24.0,98,122,61.0,157.0,62,48.0,8.0,88.0,149,531,0.482,0.125,0.803,13.5,7.0,2.1,0.8,0.6,0.1
78,Derrick Caracter,2011,2011,1,41,215.0,32,66,0.0,0.0,17,23,19.0,43.0,7,4.0,10.0,19.0,47,81,0.485,,0.739,5.2,2.0,1.0,0.2,0.1,0.2
79,Don Carlson,1949,1950,2,112,,310,922,,,155,225,,,246,,,,306,775,0.336,,0.689,,6.9,,2.2,,
80,Bob Carney,1955,1955,1,19,244.0,24,64,,,21,40,,45.0,16,,,,36,69,0.375,,0.525,12.8,3.6,2.4,0.8,,
81,Kenny Carr,1978,1980,3,129,1939.0,366,768,0.0,0.0,140,224,128.0,517.0,87,58.0,46.0,214.0,285,872,0.477,,0.625,15.0,6.8,4.0,0.7,0.4,0.4
82,Butch Carter,1981,1981,1,54,672.0,114,247,3.0,10.0,70,95,34.0,65.0,52,23.0,1.0,50.0,99,301,0.462,0.3,0.737,12.4,5.6,1.2,1.0,0.4,0.0
83,Maurice Carter,2004,2004,1,4,50.0,5,14,1.0,3.0,11,12,0.0,3.0,2,0.0,0.0,6.0,5,22,0.357,0.333,0.917,12.5,5.5,0.8,0.5,0.0,0.0
84,Ron Carter,1979,1979,1,46,332.0,54,124,,,36,54,21.0,45.0,25,17.0,7.0,40.0,54,144,0.435,,0.667,7.2,3.1,1.0,0.5,0.4,0.2
85,Jay Carty,1969,1969,1,28,192.0,34,89,,,8,11,,58.0,11,,,,31,76,0.382,,0.727,6.9,2.7,2.1,0.4,,
86,Alex Caruso,2018,2021,4,184,3484.0,380,885,132.0,350.0,190,264,83.0,425.0,436,181.0,52.0,213.0,312,1082,0.429,0.377,0.72,18.9,5.9,2.3,2.4,1.0,0.3
87,Colin Castleton,2024,2024,1,16,59.0,9,16,0.0,0.0,6,6,6.0,12.0,3,2.0,0.0,3.0,11,24,0.563,,1.0,3.7,1.5,0.8,0.2,0.1,0.0
88,Cedric Ceballos,1995,1997,3,144,4936.0,1169,2263,114.0,351.0,551,716,395.0,1053.0,239,159.0,47.0,327.0,294,3003,0.517,0.325,0.77,34.3,20.9,7.3,1.7,1.1,0.3
89,John Celestand,2000,2000,1,16,185.0,15,45,2.0,9.0,5,6,1.0,11.0,20,7.0,0.0,16.0,22,37,0.333,0.222,0.833,11.6,2.3,0.7,1.3,0.4,0.0
90,Wilt Chamberlain,1969,1973,5,339,14815.0,2360,3902,,,1265,2662,,6524.0,1461,,,,734,5985,0.605,,0.475,43.7,17.7,19.2,4.3,,
91,Jerry Chambers,1967,1967,1,69,1015.0,224,496,,,68,93,,208.0,44,,,,143,516,0.452,,0.731,14.7,7.5,3.0,0.6,,
92,Tyson Chandler,2019,2019,1,48,786.0,53,87,0.0,1.0,41,69,85.0,268.0,31,19.0,22.0,35.0,89,147,0.609,0.0,0.594,16.4,3.1,5.6,0.6,0.4,0.5
93,Don Chaney,1977,1978,2,90,2541.0,226,558,,,75,100,124.0,341.0,325,148.0,36.0,11.0,238,527,0.405,,0.75,28.2,5.9,3.8,3.6,1.6,0.4
94,Jim Chones,1980,1981,2,164,4956.0,750,1511,0.0,6.0,251,362,323.0,1221.0,304,95.0,161.0,334.0,595,1751,0.496,0.0,0.693,30.2,10.7,7.4,1.9,0.6,1.0
95,Doug Christie,1993,1994,2,88,1847.0,289,668,41.0,131.0,195,274,117.0,286.0,189,111.0,33.0,190.0,239,814,0.433,0.313,0.712,21.0,9.3,3.3,2.1,1.3,0.4
96,Max Christie,2023,2025,3,154,2610.0,275,635,128.0,343.0,124,149,47.0,340.0,147,64.0,45.0,87.0,163,802,0.433,0.373,0.832,16.9,5.2,2.2,1.0,0.4,0.3
97,Archie Clark,1967,1968,2,157,4802.0,959,2041,,,492,673,,560.0,558,,,,428,2410,0.47,,0.731,30.6,15.4,3.6,3.6,,
98,Earl Clark,2013,2013,1,59,1363.0,170,386,35.0,104.0,53,76,82.0,325.0,65,36.0,44.0,62.0,102,428,0.44,0.337,0.697,23.1,7.3,5.5,1.1,0.6,0.7
99,Jordan Clarkson,2015,2018,4,273,7681.0,1518,3432,334.0,1007.0,534,662,242.0,909.0,784,266.0,30.0,490.0,490,3904,0.442,0.332,0.807,28.1,14.3,3.3,2.9,1.0,0.1
100,Jim Cleamons,1972,1972,1,38,201.0,35,100,,,28,36,,39.0,35,,,,21,98,0.35,,0.778,5.3,2.6,1.0,0.9,,
101,Darren Collison,2022,2022,1,3,37.0,2,7,0.0,3.0,0,0,0.0,4.0,2,1.0,0.0,1.0,5,4,0.286,0.0,,12.3,1.3,1.3,0.7,0.3,0.0
102,Lester Conner,1995,1995,1,2,5.0,0,0,0.0,0.0,2,2,0.0,0.0,0,1.0,0.0,0.0,3,2,,,1.0,2.5,1.0,0.0,0.0,0.5,0.0
103,Brian Cook,2004,2008,5,259,4152.0,693,1503,162.0,413.0,171,217,247.0,816.0,197,103.0,101.0,162.0,548,1719,0.461,0.392,0.788,16.0,6.6,3.2,0.8,0.4,0.4
104,Quinn Cook,2020,2021,2,60,570.0,103,240,36.0,98.0,15,19,11.0,56.0,54,13.0,3.0,36.0,29,257,0.429,0.367,0.789,9.5,4.3,0.9,0.9,0.2,0.1
105,Duane Cooper,1993,1993,1,65,645.0,62,158,7.0,30.0,25,35,13.0,50.0,150,18.0,2.0,69.0,66,156,0.392,0.233,0.714,9.9,2.4,0.8,2.3,0.3,0.0
106,Joe Cooper,1983,1983,1,2,11.0,1,4,0.0,0.0,0,0,2.0,2.0,0,1.0,1.0,3.0,3,2,0.25,,,5.5,1.0,1.0,0.0,0.5,0.5
107,Michael Cooper,1979,1990,12,873,23635.0,3014,6429,428.0,1260.0,1273,1529,741.0,2769.0,3666,1033.0,523.0,1429.0,2329,7729,0.469,,0.833,27.1,8.9,3.2,4.2,1.2,0.6
108,Mel Counts,1967,1974,6,375,7425.0,1508,3389,,,627,821,56.0,2587.0,546,20.0,23.0,,1121,3643,0.445,,0.764,19.8,9.7,6.9,1.5,0.4,0.5
109,Freddie Crawford,1968,1969,2,119,2446.0,370,784,,,157,274,,327.0,249,,,,328,897,0.472,,0.573,20.6,7.5,2.7,2.1,,
110,Joe Crispin,2002,2002,1,6,27.0,3,12,0.0,4.0,4,5,0.0,1.0,2,1.0,0.0,1.0,2,10,0.25,0.0,0.8,4.5,1.7,0.2,0.3,0.2,0.0
111,Javaris Crittenton,2008,2008,1,22,171.0,26,53,1.0,3.0,19,28,7.0,21.0,18,7.0,0.0,22.0,12,72,0.491,0.333,0.679,7.8,3.3,1.0,0.8,0.3,0.0
112,Lloyd Daniels,1995,1995,1,25,541.0,71,182,23.0,86.0,20,25,27.0,56.0,36,20.0,10.0,23.0,40,185,0.39,0.267,0.8,21.6,7.4,2.2,1.4,0.8,0.4
113,Troy Daniels,2020,2020,1,41,456.0,62,158,40.0,112.0,10,16,12.0,46.0,14,8.0,3.0,9.0,30,174,0.392,0.357,0.625,11.1,4.2,1.1,0.3,0.2,0.1
114,Adrian Dantley,1978,1979,2,116,3760.0,751,1458,,,626,759,302.0,746.0,326,133.0,19.0,316.0,319,2128,0.515,,0.825,32.4,18.3,6.4,2.8,1.1,0.2
115,Anthony Davis,2020,2025,6,312,10741.0,2877,5407,187.0,663.0,1798,2264,863.0,3419.0,987,389.0,674.0,684.0,718,7739,0.532,0.282,0.794,34.4,24.8,11.0,3.2,1.2,2.2
116,Brad Davis,1978,1979,2,38,399.0,38,83,,,25,33,4.0,36.0,92,17.0,2.0,41.0,49,101,0.458,,0.758,10.5,2.7,0.9,2.4,0.4,0.1
117,Ed Davis,2015,2015,1,79,1840.0,282,469,0.0,0.0,92,189,230.0,600.0,94,49.0,98.0,58.0,202,656,0.601,,0.487,23.3,8.3,7.6,1.2,0.6,1.2
118,Luol Deng,2017,2018,2,57,1499.0,165,426,51.0,165.0,46,63,63.0,295.0,75,49.0,20.0,44.0,61,427,0.387,0.309,0.73,26.3,7.5,5.2,1.3,0.9,0.4
119,Corky Devlin,1958,1958,1,70,1248.0,170,489,,,133,172,,132.0,167,,,,104,473,0.348,,0.773,17.8,6.8,1.9,2.4,,
120,Ernie DiGregorio,1978,1978,1,25,332.0,41,100,,,16,20,5.0,23.0,71,6.0,0.0,46.0,22,98,0.41,,0.8,13.3,3.9,0.9,2.8,0.2,0.0
121,Spencer Dinwiddie,2024,2024,1,28,678.0,56,141,35.0,90.0,44,50,4.0,47.0,68,13.0,13.0,29.0,52,191,0.397,0.389,0.88,24.2,6.8,1.7,2.4,0.5,0.5
122,Vlade Divac,1990,2005,8,535,15517.0,2553,5012,53.0,231.0,1372,1940,1438.0,4545.0,1375,649.0,834.0,1167.0,1804,6531,0.509,0.229,0.707,29.0,12.2,8.5,2.6,1.2,1.6
123,Luka Dončić,2025,2025,1,24,846.0,198,477,82.0,232.0,174,215,22.0,200.0,187,38.0,11.0,92.0,60,652,0.415,0.353,0.809,35.3,27.2,8.3,7.8,1.6,0.5
124,Sekou Doumbouya,2022,2022,1,2,16.0,5,8,1.0,2.0,3,4,2.0,6.0,0,3.0,2.0,2.0,1,14,0.625,0.5,0.75,8.0,7.0,3.0,0.0,1.5,1.0
125,Larry Drew,1990,1991,2,128,1829.0,224,508,46.0,114.0,63,82,17.0,132.0,335,62.0,5.0,144.0,132,557,0.441,0.404,0.768,14.3,4.4,1.0,2.6,0.5,0.0
126,Andre Drummond,2021,2021,1,21,520.0,102,192,0.0,0.0,46,76,65.0,214.0,30,23.0,20.0,43.0,80,250,0.531,,0.605,24.8,11.9,10.2,1.4,1.1,1.0
127,Jared Dudley,2020,2021,2,57,445.0,26,69,20.0,48.0,2,2,10.0,73.0,33,16.0,4.0,10.0,48,74,0.377,0.417,1.0,7.8,1.3,1.3,0.6,0.3,0.1
128,Chris Duhon,2013,2013,1,46,820.0,47,123,33.0,91.0,6,13,11.0,68.0,133,20.0,1.0,40.0,56,133,0.382,0.363,0.462,17.8,2.9,1.5,2.9,0.4,0.0
129,Walter Dukes,1957,1957,1,71,1866.0,228,626,,,264,383,,794.0,54,,,,273,720,0.364,,0.689,26.3,10.1,11.2,0.8,,
130,Jack Dwan,1949,1949,1,60,,121,380,,,34,69,,,129,,,,157,276,0.318,,0.493,,4.6,,2.2,,
131,Devin Ebanks,2011,2013,3,63,711.0,82,213,8.0,36.0,52,72,51.0,122.0,24,18.0,12.0,35.0,56,224,0.385,0.222,0.722,11.3,3.6,1.9,0.4,0.3,0.2
132,James Edwards,1978,1994,3,122,1809.0,345,754,0.0,0.0,218,322,85.0,345.0,92,30.0,38.0,138.0,301,908,0.458,,0.677,14.8,7.4,2.8,0.8,0.2,0.3
133,Johnny Egan,1969,1970,2,154,3432.0,461,1088,,,303,361,,251.0,431,,,,377,1225,0.424,,0.839,22.3,8.0,1.6,2.8,,
134,Ray Ellefson,1949,1949,1,3,,1,5,,,0,0,,,0,,,,2,2,0.2,,,,0.7,,0.0,,
135,Wayne Ellington,2015,2022,2,108,2485.0,352,854,172.0,454.0,61,75,41.0,287.0,135,56.0,7.0,69.0,119,937,0.412,0.379,0.813,23.0,8.7,2.7,1.3,0.5,0.1
136,Boo Ellis,1959,1960,2,118,1873.0,227,564,,,153,220,,616.0,86,,,,201,607,0.402,,0.695,15.9,5.1,5.2,0.7,,
137,Leroy Ellis,1963,1973,6,402,8569.0,1275,2970,,,699,1012,,2746.0,259,,,,942,3249,0.429,,0.691,21.3,8.1,6.8,0.6,,
138,Tyler Ennis,2017,2018,2,76,1075.0,159,368,35.0,110.0,41,51,24.0,121.0,157,49.0,12.0,59.0,104,394,0.432,0.318,0.804,14.1,5.2,1.6,2.1,0.6,0.2
139,Bo Erias,1958,1958,1,18,401.0,59,170,,,30,47,,83.0,26,,,,52,148,0.347,,0.638,22.3,8.2,4.6,1.4,,
140,Keith Erickson,1969,1973,5,309,8183.0,1230,2754,,,391,526,,1392.0,903,,,,854,2851,0.447,,0.743,26.5,9.2,4.5,2.9,,
141,Maurice Evans,2007,2008,2,83,1828.0,243,570,49.0,140.0,134,170,97.0,230.0,86,43.0,15.0,57.0,136,669,0.426,0.35,0.788,22.0,8.1,2.8,1.0,0.5,0.2
142,Christian Eyenga,2012,2012,1,1,19.0,3,6,0.0,1.0,2,2,1.0,2.0,1,0.0,1.0,1.0,0,8,0.5,0.0,1.0,19.0,8.0,2.0,1.0,0.0,1.0
143,John Fairchild,1966,1966,1,30,171.0,23,89,,,14,20,,45.0,11,,,,33,60,0.258,,0.7,5.7,2.0,1.5,0.4,,
144,Jordan Farmar,2007,2014,5,342,6358.0,951,2216,364.0,979.0,226,337,117.0,654.0,843,268.0,41.0,435.0,461,2492,0.429,0.372,0.671,18.6,7.3,1.9,2.5,0.8,0.1
145,Ron Feiereisel,1956,1956,1,10,59.0,8,28,,,14,16,,6.0,6,,,,9,30,0.286,,0.875,5.9,3.0,0.6,0.6,,
146,Ray Felix,1960,1962,3,189,3684.0,465,1167,,,276,402,,1270.0,121,,,,701,1206,0.398,,0.687,19.5,6.4,6.7,0.6,,
147,Arnie Ferrin,1949,1951,3,178,,381,1147,,,275,401,,271.0,278,,,,509,1037,0.332,,0.686,,5.8,4.0,1.6,,
148,Hank Finkel,1967,1967,1,27,141.0,17,47,,,7,12,,64.0,5,,,,39,41,0.362,,0.583,5.2,1.5,2.4,0.2,,
149,Dorian Finney-Smith,2025,2025,1,39,1115.0,106,246,67.0,179.0,13,19,45.0,142.0,50,36.0,10.0,37.0,78,292,0.431,0.374,0.684,28.6,7.5,3.6,1.3,0.9,0.3
150,Derek Fisher,1997,2012,13,915,23211.0,2568,6382,846.0,2255.0,1241,1553,294.0,1892.0,2685,968.0,73.0,974.0,1793,7223,0.402,0.375,0.799,25.4,7.9,2.1,2.9,1.1,0.1
151,Ed Fleming,1958,1960,3,170,3231.0,447,1215,,,371,514,,860.0,266,,,,416,1265,0.368,,0.722,19.0,7.4,5.1,1.6,,
152,Don Ford,1976,1980,5,368,7685.0,1139,2436,0.0,1.0,340,448,435.0,1405.0,523,240.0,121.0,211.0,829,2618,0.468,,0.759,20.9,7.1,3.8,1.4,0.7,0.3
153,Donnie Forman,1949,1949,1,44,,68,231,,,43,67,,,74,,,,94,179,0.294,,0.642,,4.1,,1.7,,
154,Greg Foster,2001,2001,1,62,451.0,56,133,3.0,9.0,10,14,29.0,112.0,32,9.0,12.0,25.0,76,125,0.421,0.333,0.714,7.3,2.0,1.8,0.5,0.1,0.2
155,Larry Foust,1958,1960,3,191,5531.0,917,2334,,,881,1152,,1942.0,273,,,,704,2715,0.393,,0.765,29.0,14.2,10.2,1.4,,
156,Rick Fox,1998,2004,7,486,12733.0,1594,3657,480.0,1390.0,539,703,430.0,1784.0,1399,415.0,152.0,781.0,1409,4207,0.436,0.345,0.767,26.2,8.7,3.7,2.9,0.9,0.3
157,Donnie Freeman,1976,1976,1,64,1480.0,263,606,,,163,199,72.0,180.0,171,57.0,11.0,,160,689,0.434,,0.819,23.1,10.8,2.8,2.7,0.9,0.2
158,Jim Fritsche,1954,1954,1,2,8.0,0,3,,,1,4,,0.0,0,,,,0,1,0.0,,0.25,4.0,0.5,0.0,0.0,,
159,Channing Frye,2018,2018,1,9,150.0,20,43,9.0,25.0,3,4,2.0,25.0,10,1.0,1.0,4.0,15,52,0.465,0.36,0.75,16.7,5.8,2.8,1.1,0.1,0.1
160,Alex Fudge,2024,2024,1,4,14.0,1,6,0.0,2.0,2,2,2.0,2.0,0,0.0,0.0,1.0,1,4,0.167,0.0,1.0,3.5,1.0,0.5,0.0,0.0,0.0
161,Wenyen Gabriel,2022,2023,2,87,1335.0,204,357,16.0,59.0,75,122,150.0,368.0,48,30.0,44.0,59.0,201,499,0.571,0.271,0.615,15.3,5.7,4.2,0.6,0.3,0.5
162,Earl Gardner,1949,1949,1,50,,38,101,,,13,28,,,19,,,,50,89,0.376,,0.464,,1.8,,0.4,,
163,Dick Garmaker,1956,1960,5,324,9172.0,1482,3786,,,1192,1516,,1347.0,821,,,,868,4156,0.391,,0.786,28.3,12.8,4.2,2.5,,
164,Calvin Garrett,1984,1984,1,41,478.0,78,152,2.0,6.0,30,39,24.0,71.0,31,12.0,2.0,34.0,62,188,0.513,0.333,0.769,11.7,4.6,1.7,0.8,0.3,0.0
165,Dick Garrett,1970,1970,1,73,2318.0,354,816,,,138,162,,235.0,180,,,,236,846,0.434,,0.852,31.8,11.6,3.2,2.5,,
166,Marc Gasol,2021,2021,1,52,993.0,88,194,50.0,122.0,36,50,38.0,215.0,109,26.0,58.0,53.0,115,262,0.454,0.41,0.72,19.1,5.0,4.1,2.1,0.5,1.1
167,Pau Gasol,2008,2014,7,429,15326.0,2987,5723,21.0,80.0,1615,2071,1252.0,4240.0,1508,239.0,607.0,873.0,925,7610,0.522,0.263,0.78,35.7,17.7,9.9,3.5,0.6,1.4
168,Devean George,2000,2006,7,429,8109.0,955,2435,282.0,829.0,380,529,415.0,1433.0,428,307.0,173.0,340.0,891,2572,0.392,0.34,0.718,18.9,6.0,3.3,1.0,0.7,0.4
169,Mel Gibson,1964,1964,1,9,53.0,6,20,,,1,2,,4.0,6,,,,10,13,0.3,,0.5,5.9,1.4,0.4,0.7,,
170,Harry Giles,2024,2024,1,7,19.0,1,6,0.0,3.0,0,0,0.0,4.0,0,1.0,0.0,0.0,0,2,0.167,0.0,,2.7,0.3,0.6,0.0,0.1,0.0
171,Normie Glick,1950,1950,1,1,,1,1,,,0,0,,,0,,,,1,2,1.0,,,,2.0,,0.0,,
172,Gail Goodrich,1966,1976,9,687,21765.0,5107,11098,,,2830,3466,285.0,2081.0,2863,351.0,35.0,,1865,13044,0.46,,0.817,31.7,19.0,3.0,4.2,1.5,0.2
173,Jordan Goodwin,2025,2025,1,24,459.0,53,116,21.0,55.0,9,11,34.0,88.0,32,26.0,11.0,19.0,40,136,0.457,0.382,0.818,19.1,5.7,3.7,1.3,1.1,0.5
174,Andrew Goudelock,2012,2013,2,41,425.0,68,176,28.0,75.0,11,12,6.0,32.0,20,4.0,0.0,21.0,32,175,0.386,0.373,0.917,10.4,4.3,0.8,0.5,0.1,0.0
175,Brian Grant,2005,2005,1,69,1136.0,103,209,0.0,0.0,57,79,101.0,257.0,34,23.0,23.0,43.0,175,263,0.493,,0.722,16.5,3.8,3.7,0.5,0.3,0.3
176,Bud Grant,1950,1951,2,96,,95,299,,,59,100,,115.0,90,,,,142,249,0.318,,0.59,,2.6,1.9,0.9,,
177,Horace Grant,2001,2004,2,132,3496.0,355,793,0.0,4.0,170,223,299.0,778.0,192,75.0,82.0,77.0,251,880,0.448,0.0,0.762,26.5,6.7,5.9,1.5,0.6,0.6
178,Travis Grant,1973,1974,2,36,159.0,52,120,,,24,29,0.0,53.0,7,0.0,0.0,,20,128,0.433,,0.828,4.4,3.6,1.5,0.2,0.0,0.0
179,A.C. Green,1986,2000,9,735,21451.0,2825,5617,58.0,237.0,2081,2786,2089.0,5632.0,808,657.0,395.0,935.0,1517,7789,0.503,0.245,0.747,29.2,10.6,7.7,1.1,0.9,0.5
180,Danny Green,2020,2020,1,68,1687.0,197,474,120.0,327.0,33,48,51.0,225.0,91,85.0,32.0,63.0,136,547,0.416,0.367,0.688,24.8,8.0,3.3,1.3,1.3,0.5
181,Devin Green,2006,2006,1,27,135.0,6,28,0.0,2.0,13,21,10.0,24.0,7,3.0,0.0,5.0,13,25,0.214,0.0,0.619,5.0,0.9,0.9,0.3,0.1,0.0
182,Jerry Grote,1965,1965,1,11,33.0,6,11,,,2,2,,4.0,4,,,,5,14,0.545,,1.0,3.0,1.3,0.4,0.4,,
183,Pétur Guðmundsson,1986,1986,1,8,128.0,20,37,0.0,0.0,18,27,17.0,38.0,3,3.0,4.0,11.0,25,58,0.541,,0.667,16.0,7.3,4.8,0.4,0.4,0.5
184,Rui Hachimura,2023,2025,3,157,4332.0,767,1484,215.0,535.0,224,301,169.0,730.0,183,93.0,64.0,110.0,232,1973,0.517,0.402,0.744,27.6,12.6,4.6,1.2,0.6,0.4
185,Happy Hairston,1970,1975,6,394,13670.0,2182,4524,,,1629,2074,639.0,4885.0,920,116.0,28.0,,1260,5993,0.482,,0.785,34.7,15.2,12.4,2.3,0.8,0.2
186,Jack Haley,1992,1992,1,49,394.0,31,84,0.0,0.0,14,29,31.0,95.0,7,7.0,8.0,25.0,75,76,0.369,,0.483,8.0,1.6,1.9,0.1,0.1,0.2
187,Dennis Hamilton,1968,1968,1,44,378.0,54,108,,,13,13,,72.0,30,,,,46,121,0.5,,1.0,8.6,2.8,1.6,0.7,,
188,Steve Hamilton,1959,1960,2,82,1094.0,138,371,,,92,132,,278.0,43,,,,183,368,0.372,,0.697,13.3,4.5,3.4,0.5,,
189,Alan Hardy,1981,1981,1,22,111.0,22,59,0.0,0.0,7,10,8.0,19.0,3,1.0,9.0,11.0,13,51,0.373,,0.7,5.0,2.3,0.9,0.1,0.0,0.4
190,Derek Harper,1999,1999,1,45,1120.0,120,291,43.0,117.0,26,32,13.0,67.0,187,44.0,4.0,52.0,66,309,0.412,0.368,0.813,24.9,6.9,1.5,4.2,1.0,0.1
191,Ron Harper,2000,2001,2,127,3181.0,339,802,52.0,178.0,134,195,142.0,503.0,383,124.0,64.0,194.0,234,864,0.423,0.292,0.687,25.0,6.8,4.0,3.0,1.0,0.5
192,Montrezl Harrell,2021,2021,1,69,1580.0,375,603,0.0,10.0,181,256,158.0,428.0,73,46.0,49.0,74.0,128,931,0.622,0.0,0.707,22.9,13.5,6.2,1.1,0.7,0.7
193,Elias Harris,2014,2014,1,2,11.0,0,1,0.0,0.0,0,0,1.0,1.0,1,1.0,0.0,0.0,0,0,0.0,,,5.5,0.0,0.5,0.5,0.5,0.0
194,Manny Harris,2014,2014,1,9,180.0,28,70,7.0,20.0,10,12,7.0,34.0,11,4.0,1.0,9.0,10,73,0.4,0.35,0.833,20.0,8.1,3.8,1.2,0.4,0.1
195,Bob Harrison,1950,1954,5,309,3974.0,680,1966,,,394,562,,543.0,730,,,,976,1754,0.346,,0.701,22.7,5.7,2.2,2.4,,
196,Josh Hart,2018,2019,2,130,3176.0,365,839,170.0,471.0,121,174,77.0,511.0,173,111.0,56.0,105.0,254,1021,0.435,0.361,0.695,24.4,7.9,3.9,1.3,0.9,0.4
197,Antonio Harvey,1994,1995,2,86,819.0,106,255,1.0,1.0,36,71,65.0,161.0,28,23.0,60.0,42.0,126,249,0.416,1.0,0.507,9.5,2.9,1.9,0.3,0.3,0.7
198,Billy Hassett,1950,1950,1,42,,38,145,,,35,67,,,69,,,,82,111,0.262,,0.522,,2.6,,1.6,,
199,Connie Hawkins,1974,1975,2,114,3564.0,507,1057,,,241,323,216.0,720.0,499,156.0,101.0,,319,1255,0.48,,0.746,31.3,11.0,6.3,4.4,1.4,0.9
200,Tom Hawkins,1960,1969,6,454,10984.0,1713,3814,,,658,1174,,2579.0,518,,,,1305,4084,0.449,,0.56,24.2,9.0,5.7,1.1,,
201,Nate Hawthorne,1974,1974,1,33,229.0,38,93,,,30,48,16.0,32.0,23,9.0,6.0,,33,106,0.409,,0.625,6.9,3.2,1.0,0.7,0.3,0.2
202,Jaxson Hayes,2024,2025,2,122,1905.0,277,384,0.0,11.0,108,168,140.0,463.0,89,63.0,78.0,83.0,251,662,0.721,0.0,0.643,15.6,5.4,3.8,0.7,0.5,0.6
203,Nigel Hayes,2018,2018,1,2,11.0,1,3,0.0,2.0,1,1,0.0,0.0,2,0.0,0.0,0.0,0,3,0.333,0.0,1.0,5.5,1.5,0.0,1.0,0.0,0.0
204,Spencer Haywood,1980,1980,1,76,1544.0,288,591,1.0,4.0,159,206,132.0,346.0,93,35.0,57.0,134.0,197,736,0.487,0.25,0.772,20.3,9.7,4.6,1.2,0.5,0.8
205,Walt Hazzard,1965,1967,3,225,4759.0,876,2015,,,357,505,,561.0,856,,,,559,2109,0.435,,0.707,21.2,9.4,2.5,3.8,,
206,Jerome Henderson,1986,1986,1,1,3.0,2,3,0.0,0.0,0,0,0.0,1.0,0,0.0,0.0,0.0,1,4,0.667,,,3.0,4.0,1.0,0.0,0.0,0.0
207,Xavier Henry,2014,2015,2,52,994.0,147,358,28.0,81.0,130,201,27.0,118.0,54,47.0,7.0,60.0,85,452,0.411,0.346,0.647,19.1,8.7,2.3,1.0,0.9,0.1
208,Fred Hetzel,1971,1971,1,59,613.0,111,256,,,60,77,,149.0,37,,,,99,282,0.434,,0.779,10.4,4.8,2.5,0.6,,
209,Bill Hewitt,1969,1970,2,95,1933.0,264,616,,,77,137,,473.0,104,,,,178,605,0.429,,0.562,20.3,6.4,5.0,1.1,,
210,Roy Hibbert,2016,2016,1,81,1878.0,182,411,0.0,2.0,117,145,132.0,398.0,95,32.0,110.0,76.0,252,481,0.443,0.0,0.807,23.2,5.9,4.9,1.2,0.4,1.4
211,Mike Higgins,1990,1990,1,6,18.0,0,0,0.0,0.0,1,2,1.0,1.0,1,1.0,2.0,0.0,4,1,,,0.5,3.0,0.2,0.2,0.2,0.2,0.3
212,Jordan Hill,2012,2015,4,178,3914.0,734,1483,3.0,14.0,293,418,464.0,1288.0,172,76.0,141.0,214.0,402,1764,0.495,0.214,0.701,22.0,9.9,7.2,1.0,0.4,0.8
213,Lew Hitch,1952,1956,4,217,3328.0,292,773,,,280,411,,894.0,216,,,,325,864,0.378,,0.681,15.3,4.0,4.1,1.0,,
214,D'Moi Hodge,2024,2024,1,7,41.0,5,15,3.0,12.0,1,2,0.0,0.0,5,1.0,1.0,1.0,4,14,0.333,0.25,0.5,5.9,2.0,0.0,0.7,0.1,0.1
215,Brad Holland,1980,1981,2,79,492.0,91,215,4.0,18.0,50,65,13.0,46.0,45,36.0,2.0,44.0,68,236,0.423,0.222,0.769,6.2,3.0,0.6,0.6,0.5,0.0
216,Jim Holstein,1953,1955,3,198,3124.0,293,892,,,201,311,,583.0,211,,,,375,787,0.328,,0.646,15.8,4.0,2.9,1.1,,
217,Jalen Hood-Schifino,2024,2025,2,23,123.0,11,46,2.0,15.0,14,22,3.0,14.0,9,3.0,3.0,10.0,16,38,0.239,0.133,0.636,5.3,1.7,0.6,0.4,0.1,0.1
218,Johnny Horan,1956,1956,1,12,50.0,4,16,,,4,5,,6.0,1,,,,7,12,0.25,,0.8,4.2,1.0,0.5,0.1,,
219,Ron Horn,1963,1963,1,28,289.0,27,82,,,20,29,,71.0,10,,,,46,74,0.329,,0.69,10.3,2.6,2.5,0.4,,
220,Robert Horry,1997,2003,7,448,11367.0,1015,2410,274.0,844.0,538,723,807.0,2462.0,986,497.0,446.0,526.0,1267,2842,0.421,0.325,0.744,25.4,6.3,5.5,2.2,1.1,1.0
221,Talen Horton-Tucker,2020,2022,3,131,2896.0,462,1057,90.0,326.0,202,258,64.0,369.0,346,130.0,51.0,193.0,285,1216,0.437,0.276,0.783,22.1,9.3,2.8,2.6,1.0,0.4
222,Dwight Howard,2013,2022,3,205,4999.0,806,1309,12.0,26.0,561,1081,541.0,1808.0,188,149.0,301.0,356.0,628,2185,0.616,0.462,0.519,24.4,10.7,8.8,0.9,0.7,1.5
223,Lou Hudson,1978,1979,2,160,3969.0,822,1628,,,247,301,144.0,328.0,334,152.0,31.0,249.0,329,1891,0.505,,0.821,24.8,11.8,2.1,2.1,1.0,0.2
224,Marcelo Huertas,2016,2017,2,76,1106.0,122,298,20.0,80.0,36,46,20.0,114.0,234,36.0,9.0,99.0,92,300,0.409,0.25,0.783,14.6,3.9,1.5,3.1,0.5,0.1
225,Jay Huff,2022,2022,1,4,20.0,0,3,0.0,2.0,0,0,1.0,4.0,1,1.0,1.0,1.0,1,0,0.0,0.0,,5.0,0.0,1.0,0.3,0.3,0.3
226,Hot Rod Hundley,1958,1963,6,431,9553.0,1382,3978,,,861,1195,,1420.0,1455,,,,786,3625,0.347,,0.721,22.2,8.4,3.3,3.4,,
227,Lindsey Hunter,2002,2002,1,82,1616.0,187,490,79.0,208.0,20,40,18.0,121.0,129,66.0,19.0,55.0,120,473,0.382,0.38,0.5,19.7,5.8,1.5,1.6,0.8,0.2
228,Joe Hutton,1951,1952,2,120,723.0,112,338,,,78,113,,187.0,115,,,,199,302,0.331,,0.69,12.1,2.5,1.6,1.0,,
229,D.J. Mbenga,2008,2010,3,98,732.0,105,221,0.0,1.0,20,37,56.0,159.0,23,19.0,69.0,36.0,125,230,0.475,0.0,0.541,7.5,2.3,1.6,0.2,0.2,0.7
230,Darrall Imhoff,1965,1968,4,316,7930.0,959,2041,,,469,783,,2982.0,628,,,,1017,2387,0.47,,0.599,25.1,7.6,9.4,2.0,,
231,Andre Ingram,2018,2019,2,6,79.0,8,23,5.0,12.0,3,3,2.0,8.0,7,4.0,3.0,4.0,3,24,0.348,0.417,1.0,13.2,4.0,1.3,1.2,0.7,0.5
232,Brandon Ingram,2017,2019,3,190,6014.0,996,2176,127.0,386.0,520,785,158.0,897.0,550,123.0,110.0,394.0,470,2639,0.458,0.329,0.662,31.7,13.9,4.7,2.9,0.6,0.6
233,McCoy Ingram,1958,1958,1,24,267.0,27,103,,,13,28,,116.0,20,,,,44,67,0.262,,0.464,11.1,2.8,4.8,0.8,,
234,Jim Jackson,2006,2006,1,13,92.0,9,31,4.0,11.0,0,0,0.0,12.0,4,2.0,0.0,5.0,5,22,0.29,0.364,,7.1,1.7,0.9,0.3,0.2,0.0
235,Tony Jackson,1981,1981,1,2,14.0,1,3,0.0,0.0,0,0,0.0,2.0,2,2.0,0.0,0.0,1,2,0.333,,,7.0,1.0,1.0,1.0,1.0,0.0
236,Sam Jacobson,1999,2000,2,5,30.0,8,14,0.0,1.0,2,4,0.0,4.0,2,1.0,0.0,3.0,3,18,0.571,0.0,0.5,6.0,3.6,0.8,0.4,0.2,0.0
237,Bronny James,2025,2025,1,23,135.0,17,52,7.0,28.0,11,14,3.0,13.0,14,5.0,3.0,10.0,11,52,0.327,0.25,0.786,5.9,2.3,0.6,0.6,0.2,0.1
238,LeBron James,2019,2025,7,415,14615.0,4174,8134,938.0,2606.0,1772,2435,409.0,3295.0,3355,476.0,262.0,1494.0,664,11058,0.513,0.36,0.728,35.2,26.6,7.9,8.1,1.1,0.6
239,Antawn Jamison,2013,2013,1,76,1636.0,267,575,84.0,233.0,94,136,109.0,362.0,50,30.0,22.0,53.0,124,712,0.464,0.361,0.691,21.5,9.4,4.8,0.7,0.4,0.3
240,Tony Jaros,1949,1951,3,183,,304,961,,,216,309,,131.0,190,,,,351,824,0.316,,0.699,,4.5,2.1,1.0,,
241,Trey Jemison,2025,2025,1,18,193.0,23,38,0.0,0.0,4,10,16.0,49.0,4,2.0,8.0,9.0,38,50,0.605,,0.4,10.7,2.8,2.7,0.2,0.1,0.4
242,Clay Johnson,1982,1983,2,55,512.0,64,155,0.0,2.0,41,54,48.0,81.0,31,25.0,7.0,32.0,75,169,0.413,0.0,0.759,9.3,3.1,1.5,0.6,0.5,0.1
243,Magic Johnson,1980,1996,13,906,33245.0,6211,11951,325.0,1074.0,4960,5850,1601.0,6559.0,10141,1724.0,374.0,3506.0,2050,17707,0.52,0.303,0.848,36.7,19.5,7.2,11.2,1.9,0.4
244,Ron Johnson,1961,1961,1,8,43.0,2,13,,,2,3,,15.0,1,,,,4,6,0.154,,0.667,5.4,0.8,1.9,0.1,,
245,Stanley Johnson,2022,2022,1,48,1094.0,117,251,33.0,105.0,53,74,34.0,155.0,80,43.0,14.0,35.0,109,320,0.466,0.314,0.716,22.8,6.7,3.2,1.7,0.9,0.3
246,Trey Johnson,2011,2011,1,1,13.0,2,3,0.0,0.0,2,2,0.0,0.0,0,0.0,0.0,0.0,1,6,0.667,,1.0,13.0,6.0,0.0,0.0,0.0,0.0
247,Wesley Johnson,2014,2015,2,155,4485.0,563,1342,191.0,530.0,151,189,137.0,667.0,248,145.0,122.0,177.0,369,1468,0.42,0.36,0.799,28.9,9.5,4.3,1.6,0.9,0.8
248,Darius Johnson-Odom,2013,2013,1,4,6.0,0,4,0.0,1.0,0,0,1.0,4.0,1,0.0,0.0,0.0,0,0,0.0,0.0,,1.5,0.0,1.0,0.3,0.0,0.0
249,Howie Jolliff,1961,1963,3,138,1739.0,165,449,,,58,110,,586.0,112,,,,277,388,0.367,,0.527,12.6,2.8,4.2,0.8,,
250,Damian Jones,2021,2023,2,30,288.0,36,54,0.0,3.0,26,32,26.0,81.0,5,4.0,19.0,14.0,39,98,0.667,0.0,0.813,9.6,3.3,2.7,0.2,0.1,0.6
251,Dwight Jones,1983,1983,1,32,491.0,62,132,0.0,1.0,32,48,28.0,114.0,22,13.0,9.0,35.0,82,156,0.47,0.0,0.667,15.3,4.9,3.6,0.7,0.4,0.3
252,Earl Jones,1985,1985,1,2,7.0,0,1,0.0,0.0,0,0,0.0,0.0,0,0.0,0.0,1.0,0,0,0.0,,,3.5,0.0,0.0,0.0,0.0,0.0
253,Eddie Jones,1995,1999,5,314,10797.0,1734,3742,489.0,1294.0,827,1076,319.0,1186.0,951,644.0,214.0,510.0,769,4784,0.463,0.378,0.769,34.4,15.2,3.8,3.0,2.1,0.7
254,Jemerrio Jones,2019,2022,2,8,158.0,14,36,2.0,10.0,1,2,18.0,52.0,13,8.0,5.0,5.0,12,31,0.389,0.2,0.5,19.8,3.9,6.5,1.6,1.0,0.6
255,Jumaine Jones,2005,2005,1,76,1830.0,210,486,102.0,261.0,55,75,107.0,398.0,65,44.0,24.0,49.0,165,577,0.432,0.391,0.733,24.1,7.6,5.2,0.9,0.6,0.3
256,Mason Jones,2022,2022,1,4,51.0,7,15,1.0,4.0,12,15,1.0,10.0,4,2.0,0.0,1.0,8,27,0.467,0.25,0.8,12.8,6.8,2.5,1.0,0.5,0.0
257,DeAndre Jordan,2022,2022,1,32,408.0,60,89,0.0,0.0,12,26,51.0,172.0,13,10.0,26.0,21.0,50,132,0.674,,0.462,12.8,4.1,5.4,0.4,0.3,0.8
258,Eddie Jordan,1981,1984,4,156,1955.0,253,627,7.0,37.0,118,168,37.0,153.0,411,171.0,9.0,248.0,291,631,0.404,0.189,0.702,12.5,4.0,1.0,2.6,1.1,0.1
259,Reggie Jordan,1994,1994,1,23,259.0,44,103,2.0,4.0,35,51,46.0,67.0,26,14.0,5.0,14.0,26,125,0.427,0.5,0.686,11.3,5.4,2.9,1.1,0.6,0.2
260,Johnny Jorgensen,1949,1949,1,48,,41,114,,,24,33,,,33,,,,68,106,0.36,,0.727,,2.2,,0.7,,
261,Whitey Kachan,1949,1949,1,19,,16,42,,,15,22,,,12,,,,24,47,0.381,,0.682,,2.5,,0.6,,
262,Ed Kalafat,1955,1957,3,209,4358.0,490,1422,,,494,718,,1182.0,310,,,,684,1474,0.345,,0.688,20.9,7.1,5.7,1.5,,
263,Chris Kaman,2014,2014,1,39,736.0,176,346,0.0,3.0,52,68,54.0,229.0,58,11.0,40.0,74.0,93,404,0.509,0.0,0.765,18.9,10.4,5.9,1.5,0.3,1.0
264,Jason Kapono,2012,2012,1,27,269.0,21,55,8.0,27.0,4,4,2.0,14.0,11,3.0,0.0,6.0,21,54,0.382,0.296,1.0,10.0,2.0,0.5,0.4,0.1,0.0
265,Coby Karl,2008,2008,1,17,71.0,9,26,4.0,13.0,8,10,3.0,14.0,9,4.0,2.0,5.0,4,30,0.346,0.308,0.8,4.2,1.8,0.8,0.5,0.2,0.1
266,Ryan Kelly,2014,2016,3,147,3015.0,316,829,98.0,313.0,226,284,76.0,486.0,207,75.0,79.0,102.0,304,956,0.381,0.313,0.796,20.5,6.5,3.3,1.4,0.5,0.5
267,Jerome Kersey,1997,1997,1,70,1766.0,194,449,17.0,65.0,71,118,112.0,363.0,89,119.0,49.0,74.0,219,476,0.432,0.262,0.602,25.2,6.8,5.2,1.3,1.7,0.7
268,Randolph Keys,1995,1995,1,6,83.0,9,26,0.0,9.0,2,2,6.0,17.0,2,1.0,2.0,2.0,16,20,0.346,0.0,1.0,13.8,3.3,2.8,0.3,0.2,0.3
269,Earnie Killum,1971,1971,1,4,12.0,0,4,,,1,1,,2.0,0,,,,1,1,0.0,,1.0,3.0,0.3,0.5,0.0,,
270,Frankie King,1996,1996,1,6,20.0,3,11,0.0,1.0,1,3,1.0,2.0,2,2.0,0.0,2.0,4,7,0.273,0.0,0.333,3.3,1.2,0.3,0.3,0.3,0.0
271,Jim King,1964,1966,3,213,3932.0,506,1212,,,278,367,,531.0,511,,,,473,1290,0.417,,0.757,18.5,6.1,2.5,2.4,,
272,Joe Kleine,1997,1997,1,8,30.0,2,8,0.0,0.0,2,2,2.0,9.0,0,0.0,0.0,0.0,6,6,0.25,,1.0,3.8,0.8,1.1,0.0,0.0,0.0
273,Dalton Knecht,2025,2025,1,73,1432.0,243,527,120.0,324.0,60,80,34.0,204.0,66,24.0,6.0,35.0,90,666,0.461,0.37,0.75,19.6,9.1,2.8,0.9,0.3,0.1
274,Travis Knight,1997,2000,3,171,2091.0,253,523,0.0,1.0,101,157,210.0,576.0,93,58.0,108.0,110.0,366,607,0.484,0.0,0.643,12.2,3.5,3.4,0.5,0.3,0.6
275,Christian Koloko,2025,2025,1,34,318.0,38,62,0.0,3.0,8,10,32.0,82.0,16,7.0,11.0,12.0,41,84,0.613,0.0,0.8,9.4,2.5,2.4,0.5,0.2,0.3
276,Jim Krebs,1958,1964,7,515,10661.0,1696,4188,,,736,975,,3177.0,429,,,,1539,4128,0.405,,0.755,20.7,8.0,6.2,0.8,,
277,Larry Krystkowiak,1997,1997,1,3,11.0,1,2,0.0,0.0,1,2,2.0,5.0,3,2.0,0.0,1.0,3,3,0.5,,0.5,3.7,1.0,1.7,1.0,0.7,0.0
278,Mitch Kupchak,1982,1986,4,173,2644.0,441,876,0.0,2.0,231,335,236.0,672.0,78,47.0,43.0,177.0,332,1113,0.503,0.0,0.69,15.3,6.4,3.9,0.5,0.3,0.2
279,C.J. Kupec,1976,1977,2,98,963.0,163,382,,,85,112,80.0,222.0,58,21.0,4.0,,120,411,0.427,,0.759,9.8,4.2,2.3,0.6,0.2,0.0
280,Kyle Kuzma,2018,2021,4,276,8195.0,1590,3551,510.0,1508.0,516,710,308.0,1555.0,526,153.0,127.0,477.0,577,4206,0.448,0.338,0.727,29.7,15.2,5.6,1.9,0.6,0.5
281,Bo Lamar,1977,1977,1,71,1165.0,228,561,,,46,68,30.0,92.0,177,59.0,3.0,,73,502,0.406,,0.676,16.4,7.1,1.3,2.5,0.8,0.0
282,Jeff Lamp,1988,1989,2,40,183.0,27,69,2.0,4.0,6,7,6.0,34.0,15,8.0,2.0,16.0,28,62,0.391,0.5,0.857,4.6,1.6,0.9,0.4,0.2,0.1
283,Mark Landsberger,1980,1983,4,206,2950.0,417,895,0.0,3.0,136,262,440.0,1069.0,85,47.0,22.0,159.0,344,970,0.466,0.0,0.519,14.3,4.7,5.2,0.4,0.2,0.1
284,Stu Lantz,1975,1976,2,109,2283.0,274,650,,,225,265,109.0,269.0,234,71.0,13.0,,239,773,0.422,,0.849,20.9,7.1,2.5,2.1,0.7,0.1
285,Rudy LaRusso,1960,1967,8,582,18886.0,2947,6783,,,2337,3088,,5571.0,1215,,,,1948,8231,0.434,,0.757,32.5,14.1,9.6,2.1,,
286,Butch Lee,1980,1980,1,11,31.0,4,13,0.0,0.0,6,7,4.0,8.0,9,1.0,0.0,7.0,2,14,0.308,,0.857,2.8,1.3,0.7,0.8,0.1,0.0
287,Alex Len,2025,2025,1,9,109.0,8,18,1.0,2.0,1,4,13.0,29.0,7,1.0,2.0,6.0,15,18,0.444,0.5,0.25,12.1,2.0,3.2,0.8,0.1,0.2
288,Slick Leonard,1957,1961,5,324,8289.0,1067,3137,,,718,962,,950.0,906,,,,645,2852,0.34,,0.746,25.6,8.8,2.9,2.8,,
289,Ronnie Lester,1985,1986,2,59,500.0,60,134,0.0,4.0,36,50,4.0,36.0,134,24.0,6.0,74.0,52,156,0.448,0.0,0.72,8.5,2.6,0.6,2.3,0.4,0.1
290,Maxwell Lewis,2024,2025,2,41,132.0,6,27,1.0,9.0,2,3,4.0,6.0,8,3.0,1.0,12.0,6,15,0.222,0.111,0.667,3.2,0.4,0.1,0.2,0.1,0.0
291,Jeremy Lin,2015,2015,1,74,1907.0,277,654,65.0,176.0,213,268,26.0,196.0,339,82.0,32.0,166.0,189,832,0.424,0.369,0.795,25.8,11.2,2.6,4.6,1.1,0.4
292,Brook Lopez,2018,2018,1,74,1735.0,369,793,112.0,325.0,111,158,74.0,294.0,126,30.0,98.0,98.0,195,961,0.465,0.345,0.703,23.4,13.0,4.0,1.7,0.4,1.3
293,Stan Love,1974,1975,2,81,1129.0,204,472,,,96,130,85.0,267.0,74,44.0,33.0,,201,504,0.432,,0.738,13.9,6.2,3.3,0.9,0.5,0.4
294,Clyde Lovellette,1954,1957,4,282,8626.0,1924,4470,,,1011,1430,,3145.0,454,,,,968,4859,0.43,,0.707,30.6,17.2,11.2,1.6,,
295,Maurice Lucas,1986,1986,1,77,1750.0,302,653,1.0,2.0,180,230,164.0,566.0,84,45.0,24.0,121.0,253,785,0.462,0.5,0.783,22.7,10.2,7.4,1.1,0.6,0.3
296,Tyronn Lue,1999,2001,3,61,802.0,97,221,22.0,58.0,37,53,9.0,50.0,87,27.0,0.0,47.0,99,253,0.439,0.379,0.698,13.1,4.1,0.8,1.4,0.4,0.0
297,George Lynch,1994,1996,3,203,3727.0,546,1140,7.0,39.0,214,332,377.0,803.0,209,200.0,47.0,200.0,369,1313,0.479,0.179,0.645,18.4,6.5,4.0,1.0,1.0,0.2
298,Mike Lynn,1970,1970,1,44,403.0,44,133,,,31,48,,64.0,30,,,,87,119,0.331,,0.646,9.2,2.7,1.5,0.7,,
299,Scott Machado,2019,2019,1,4,19.0,4,6,1.0,1.0,1,1,0.0,0.0,3,1.0,0.0,0.0,2,10,0.667,1.0,1.0,4.8,2.5,0.0,0.8,0.3,0.0
300,Ollie Mack,1980,1980,1,27,155.0,21,50,0.0,1.0,9,18,7.0,22.0,20,4.0,0.0,9.0,16,51,0.42,0.0,0.5,5.7,1.9,0.8,0.7,0.1,0.0
301,Mark Madsen,2001,2003,3,183,2072.0,190,422,1.0,3.0,97,152,249.0,473.0,106,39.0,40.0,76.0,331,478,0.45,0.333,0.638,11.3,2.6,2.6,0.6,0.2,0.2
302,Karl Malone,2004,2004,1,42,1373.0,193,400,0.0,1.0,168,225,61.0,367.0,163,50.0,20.0,103.0,116,554,0.483,0.0,0.747,32.7,13.2,8.7,3.9,1.2,0.5
303,Nick Mantis,1960,1960,1,10,71.0,10,39,,,1,2,,6.0,9,,,,8,21,0.256,,0.5,7.1,2.1,0.6,0.9,,
304,Kendall Marshall,2014,2014,1,54,1564.0,170,419,71.0,178.0,19,36,15.0,155.0,477,48.0,4.0,150.0,76,430,0.406,0.399,0.528,29.0,8.0,2.9,8.8,0.9,0.1
305,Slater Martin,1950,1956,7,484,13130.0,1743,4631,,,1327,1744,,1346.0,2007,,,,1454,4813,0.376,,0.761,37.6,9.9,3.2,4.1,,
306,Wes Matthews,1987,1988,2,101,1238.0,203,435,8.0,33.0,83,101,29.0,113.0,238,48.0,7.0,120.0,118,497,0.467,0.242,0.822,12.3,4.9,1.1,2.4,0.5,0.1
307,Wesley Matthews,2021,2021,1,58,1130.0,89,252,66.0,197.0,35,41,20.0,93.0,54,38.0,17.0,26.0,80,279,0.353,0.335,0.854,19.5,4.8,1.6,0.9,0.7,0.3
308,Skylar Mays,2024,2024,1,17,77.0,10,21,2.0,5.0,0,0,1.0,6.0,10,7.0,1.0,2.0,6,22,0.476,0.4,,4.5,1.3,0.4,0.6,0.4,0.1
309,Bob McAdoo,1982,1985,4,224,4475.0,1079,2186,0.0,12.0,543,715,282.0,990.0,212,122.0,179.0,341.0,614,2701,0.494,0.0,0.759,20.0,12.1,4.4,0.9,0.5,0.8
310,Mel McCants,1990,1990,1,13,65.0,8,26,0.0,0.0,6,8,1.0,6.0,2,3.0,1.0,1.0,11,22,0.308,,0.75,5.0,1.7,0.5,0.2,0.2,0.1
311,Willie McCarter,1970,1971,2,116,2230.0,379,941,,,89,137,,205.0,219,,,,223,847,0.403,,0.65,19.2,7.3,1.8,1.9,,
312,George McCloud,1997,1997,1,23,286.0,34,96,21.0,49.0,6,9,7.0,36.0,17,9.0,0.0,9.0,20,95,0.354,0.429,0.667,12.4,4.1,1.6,0.7,0.4,0.0
313,Mac McClung,2022,2022,1,1,22.0,2,5,1.0,3.0,1,1,0.0,3.0,1,1.0,1.0,2.0,5,6,0.4,0.333,1.0,22.0,6.0,3.0,1.0,1.0,1.0
314,Jelani McCoy,2002,2002,1,21,104.0,12,21,0.0,0.0,2,8,8.0,25.0,7,0.0,5.0,8.0,14,26,0.571,,0.25,5.0,1.2,1.2,0.3,0.0,0.2
315,Jim McDaniels,1976,1976,1,35,242.0,41,102,,,9,9,26.0,74.0,15,4.0,10.0,,40,91,0.402,,1.0,6.9,2.6,2.1,0.4,0.1,0.3
316,JaVale McGee,2019,2020,2,143,2801.0,595,947,4.0,18.0,149,234,320.0,956.0,89,83.0,242.0,163.0,367,1343,0.628,0.222,0.637,19.6,9.4,6.7,0.6,0.6,1.7
317,Mike McGee,1982,1986,5,302,4541.0,1077,2075,66.0,198.0,245,413,332.0,600.0,277,170.0,28.0,323.0,563,2465,0.519,0.333,0.593,15.0,8.2,2.0,0.9,0.6,0.1
318,Billy McGill,1965,1965,1,8,37.0,7,20,,,1,1,,12.0,3,,,,6,15,0.35,,1.0,4.6,1.9,1.5,0.4,,
319,Kevin McKenna,1982,1982,1,36,237.0,28,87,0.0,2.0,11,17,18.0,29.0,14,10.0,2.0,20.0,45,67,0.322,0.0,0.647,6.6,1.9,0.8,0.4,0.3,0.1
320,Aaron McKie,2006,2007,2,24,252.0,14,29,0.0,2.0,1,2,4.0,38.0,24,9.0,0.0,10.0,21,29,0.483,0.0,0.5,10.5,1.2,1.6,1.0,0.4,0.0
321,Alfonzo McKinnie,2021,2021,1,39,258.0,48,93,16.0,39.0,10,18,22.0,54.0,6,7.0,0.0,5.0,26,122,0.516,0.41,0.556,6.6,3.1,1.4,0.2,0.2,0.0
322,Ben McLemore,2021,2021,1,21,368.0,55,141,42.0,114.0,16,21,4.0,34.0,11,3.0,6.0,14.0,37,168,0.39,0.368,0.762,17.5,8.0,1.6,0.5,0.1,0.3
323,Jim McMillian,1971,1973,3,242,7750.0,1586,3391,,,542,671,,1299.0,563,,,,507,3714,0.468,,0.808,32.0,15.3,5.4,2.3,,
324,Mark McNamara,1989,1990,2,72,508.0,70,150,0.0,0.0,75,118,60.0,163.0,13,6.0,4.0,45.0,82,215,0.467,,0.636,7.1,3.0,2.3,0.2,0.1,0.1
325,Bob McNeill,1962,1962,1,29,229.0,22,60,,,8,12,,23.0,40,,,,25,52,0.367,,0.667,7.9,1.8,0.8,1.4,,
326,Josh McRoberts,2012,2012,1,50,718.0,56,118,3.0,7.0,23,36,61.0,171.0,51,15.0,18.0,31.0,74,138,0.475,0.429,0.639,14.4,2.8,3.4,1.0,0.3,0.4
327,Stanislav Medvedenko,2001,2006,6,249,3259.0,578,1282,1.0,11.0,191,261,331.0,730.0,134,88.0,40.0,154.0,502,1348,0.451,0.091,0.732,13.1,5.4,2.9,0.5,0.4,0.2
328,Jodie Meeks,2013,2014,2,155,4219.0,618,1422,284.0,746.0,307,354,67.0,365.0,207,169.0,9.0,163.0,222,1827,0.435,0.381,0.867,27.2,11.8,2.4,1.3,1.1,0.1
329,Cliff Meely,1976,1976,1,20,139.0,20,51,,,24,32,10.0,45.0,9,5.0,4.0,,30,64,0.392,,0.75,7.0,3.2,2.3,0.5,0.3,0.2
330,Chuck Mencel,1956,1957,2,141,2821.0,363,1063,,,257,336,,347.0,333,,,,169,983,0.341,,0.765,20.0,7.0,2.5,2.4,,
331,Chris Mihm,2005,2009,4,175,3794.0,557,1146,0.0,2.0,343,493,377.0,986.0,134,35.0,201.0,220.0,516,1457,0.486,0.0,0.696,21.7,8.3,5.6,0.8,0.2,1.1
332,George Mikan,1949,1956,7,439,8350.0,3544,8783,,,3068,3924,,4167.0,1245,,,,1862,10156,0.404,,0.782,34.4,23.1,13.4,2.8,,
333,Vern Mikkelsen,1950,1959,10,699,18443.0,3547,8812,,,2969,3874,,5940.0,1515,,,,2812,10063,0.403,,0.766,32.5,14.4,9.4,2.2,,
334,Anthony Miller,1995,1996,2,73,650.0,85,167,2.0,7.0,53,86,78.0,177.0,39,24.0,8.0,46.0,96,225,0.509,0.286,0.616,8.9,3.1,2.4,0.5,0.3,0.1
335,Shake Milton,2025,2025,1,27,296.0,36,80,9.0,30.0,17,20,14.0,49.0,35,8.0,2.0,17.0,22,98,0.45,0.3,0.85,11.0,3.6,1.8,1.3,0.3,0.1
336,Steve Mix,1983,1983,1,1,17.0,4,10,0.0,0.0,1,1,1.0,1.0,2,0.0,0.0,0.0,1,9,0.4,,1.0,17.0,9.0,1.0,2.0,0.0,0.0
337,Malik Monk,2022,2022,1,76,2139.0,391,826,173.0,442.0,93,117,37.0,256.0,218,61.0,29.0,122.0,138,1048,0.473,0.391,0.795,28.1,13.8,3.4,2.9,0.8,0.4
338,Darius Morris,2012,2013,2,67,852.0,91,230,28.0,75.0,30,46,26.0,73.0,97,23.0,2.0,64.0,74,240,0.396,0.373,0.652,12.7,3.6,1.1,1.4,0.3,0.0
339,Markieff Morris,2020,2025,3,82,1490.0,192,485,84.0,268.0,46,62,67.0,322.0,92,27.0,26.0,61.0,144,514,0.396,0.313,0.742,18.2,6.3,3.9,1.1,0.3,0.3
340,Adam Morrison,2009,2010,2,39,285.0,36,97,6.0,25.0,6,10,12.0,40.0,21,3.0,2.0,13.0,21,84,0.371,0.24,0.6,7.3,2.2,1.0,0.5,0.1,0.1
341,Timofey Mozgov,2017,2017,1,54,1104.0,169,328,0.0,1.0,63,78,104.0,264.0,43,16.0,31.0,72.0,133,401,0.515,0.0,0.808,20.4,7.4,4.9,0.8,0.3,0.6
342,Erwin Mueller,1968,1968,1,39,973.0,132,254,,,61,103,,222.0,78,,,,86,325,0.52,,0.592,24.9,8.3,5.7,2.0,,
343,Allen Murphy,1977,1977,1,2,18.0,1,5,,,3,7,3.0,4.0,0,0.0,0.0,,5,5,0.2,,0.429,9.0,2.5,2.0,0.0,0.0,0.0
344,Troy Murphy,2012,2012,1,59,956.0,77,171,28.0,67.0,6,9,40.0,191.0,51,15.0,16.0,26.0,98,188,0.45,0.418,0.667,16.2,3.2,3.2,0.9,0.3,0.3
345,Tracy Murray,2003,2003,1,31,193.0,23,71,8.0,38.0,7,9,5.0,23.0,12,5.0,3.0,14.0,22,61,0.324,0.211,0.778,6.2,2.0,0.7,0.4,0.2,0.1
346,Mike Muscala,2019,2019,1,17,265.0,36,83,21.0,57.0,7,8,6.0,44.0,14,4.0,11.0,5.0,18,100,0.434,0.368,0.875,15.6,5.9,2.6,0.8,0.2,0.6
347,Svi Mykhailiuk,2019,2019,1,39,420.0,44,132,27.0,85.0,12,20,8.0,34.0,33,13.0,1.0,20.0,25,127,0.333,0.318,0.6,10.8,3.3,0.9,0.8,0.3,0.0
348,Larry Nance Jr.,2016,2018,3,168,3630.0,500,914,12.0,50.0,146,214,329.0,965.0,197,195.0,82.0,138.0,386,1158,0.547,0.24,0.682,21.6,6.9,5.7,1.2,1.2,0.5
349,Cotton Nash,1965,1965,1,25,167.0,14,57,,,25,32,,35.0,10,,,,30,53,0.246,,0.781,6.7,2.1,1.4,0.4,,
350,Steve Nash,2013,2014,2,65,1940.0,272,569,65.0,154.0,129,140,30.0,171.0,419,37.0,7.0,157.0,88,738,0.478,0.422,0.921,29.8,11.4,2.6,6.4,0.6,0.1
351,Swen Nater,1984,1984,1,69,829.0,124,253,0.0,1.0,63,91,81.0,264.0,27,25.0,7.0,68.0,150,311,0.49,0.0,0.692,12.0,4.5,3.8,0.4,0.4,0.1
352,Don Nelson,1964,1965,2,119,1644.0,171,408,,,169,227,,396.0,100,,,,221,511,0.419,,0.744,13.8,4.3,3.3,0.8,,
353,Johnny Neumann,1977,1977,1,59,888.0,146,363,,,54,81,19.0,63.0,137,28.0,8.0,,127,346,0.402,,0.667,15.1,5.9,1.1,2.3,0.5,0.1
354,Chuck Nevitt,1985,1986,2,15,84.0,8,28,0.0,0.0,6,14,8.0,27.0,5,2.0,17.0,15.0,26,22,0.286,,0.429,5.6,1.5,1.8,0.3,0.1,1.1
355,Ira Newble,2008,2008,1,6,31.0,3,9,1.0,2.0,0,0,6.0,11.0,3,1.0,1.0,3.0,5,7,0.333,0.5,,5.2,1.2,1.8,0.5,0.2,0.2
356,Norm Nixon,1978,1983,6,485,17847.0,3480,6963,6.0,45.0,972,1262,304.0,1312.0,3846,868.0,60.0,1530.0,1416,7938,0.5,,0.77,36.8,16.4,2.7,7.9,1.8,0.1
357,Zach Norvell,2020,2020,1,2,5.0,0,1,0.0,0.0,0,0,0.0,1.0,0,0.0,0.0,0.0,0,0,0.0,,,2.5,0.0,0.5,0.0,0.0,0.0
358,Kendrick Nunn,2023,2023,1,39,528.0,102,251,41.0,126.0,17,21,5.0,55.0,34,11.0,3.0,31.0,35,262,0.406,0.325,0.81,13.5,6.7,1.4,0.9,0.3,0.1
359,David Nwaba,2017,2017,1,20,397.0,47,81,1.0,5.0,25,39,17.0,63.0,14,13.0,7.0,11.0,36,120,0.58,0.2,0.641,19.9,6.0,3.2,0.7,0.7,0.4
360,Shaquille O'Neal,1997,2004,8,514,19329.0,5462,9498,0.0,9.0,2971,5572,1957.0,6090.0,1593,317.0,1278.0,1446.0,1692,13895,0.575,0.0,0.533,37.6,27.0,11.8,3.1,0.6,2.5
361,Kevin O'Shea,1951,1951,1,63,,87,267,,,97,134,,125.0,100,,,,99,271,0.326,,0.724,,4.3,2.0,1.6,,
362,Lamar Odom,2005,2011,7,519,18204.0,2708,5510,360.0,1090.0,1316,1927,1149.0,4906.0,1944,444.0,451.0,1120.0,1533,7092,0.491,0.33,0.683,35.1,13.7,9.5,3.7,0.9,0.9
363,Jawann Oldham,1990,1990,1,3,9.0,2,3,0.0,0.0,1,2,0.0,1.0,1,0.0,0.0,1.0,3,5,0.667,,0.5,3.0,1.7,0.3,0.3,0.0,0.0
364,Quincy Olivari,2025,2025,1,2,10.0,1,5,1.0,5.0,0,0,0.0,0.0,1,0.0,0.0,1.0,0,3,0.2,0.2,,5.0,1.5,0.0,0.5,0.0,0.0
365,Keith Owens,1992,1992,1,20,80.0,9,32,0.0,0.0,8,10,8.0,15.0,3,5.0,4.0,2.0,11,26,0.281,,0.8,4.0,1.3,0.8,0.2,0.3,0.2
366,Jannero Pargo,2003,2004,2,47,405.0,43,109,9.0,28.0,4,4,9.0,43.0,50,15.0,2.0,35.0,50,99,0.394,0.321,1.0,8.6,2.1,0.9,1.1,0.3,0.0
367,Smush Parker,2006,2007,2,164,5230.0,690,1564,230.0,629.0,238,355,82.0,477.0,530,259.0,26.0,300.0,424,1848,0.441,0.366,0.67,31.9,11.3,2.9,3.2,1.6,0.2
368,Myles Patrick,1981,1981,1,3,9.0,2,5,0.0,0.0,1,2,1.0,2.0,1,0.0,0.0,1.0,3,5,0.4,,0.5,3.0,1.7,0.7,0.3,0.0,0.0
369,Ruben Patterson,1999,1999,1,24,144.0,21,51,1.0,6.0,22,31,17.0,30.0,2,5.0,3.0,12.0,16,65,0.412,0.167,0.71,6.0,2.7,1.3,0.1,0.2,0.1
370,Jim Paxson,1957,1957,1,71,1274.0,138,485,,,170,236,,266.0,86,,,,163,446,0.285,,0.72,17.9,6.3,3.7,1.2,,
371,Gary Payton,2004,2004,1,82,2825.0,482,1024,55.0,165.0,180,252,72.0,342.0,449,96.0,19.0,151.0,169,1199,0.471,0.333,0.714,34.5,14.6,4.2,5.5,1.2,0.2
372,Gary Payton II,2018,2018,1,11,115.0,17,41,4.0,13.0,1,6,9.0,27.0,12,4.0,2.0,4.0,13,39,0.415,0.308,0.167,10.5,3.5,2.5,1.1,0.4,0.2
373,Anthony Peeler,1993,1996,4,253,5746.0,1030,2304,249.0,651.0,382,491,219.0,593.0,500,214.0,45.0,320.0,568,2691,0.447,0.382,0.778,22.7,10.6,2.3,2.0,0.8,0.2
374,Mike Penberthy,2001,2002,2,56,863.0,93,224,55.0,139.0,31,35,10.0,65.0,73,24.0,2.0,34.0,57,272,0.415,0.396,0.886,15.4,4.9,1.2,1.3,0.4,0.0
375,Sam Perkins,1991,1993,3,185,6425.0,971,2074,38.0,162.0,717,873,470.0,1473.0,377,168.0,191.0,262.0,578,2697,0.468,0.235,0.821,34.7,14.6,8.0,2.0,0.9,1.0
376,John Pilch,1952,1952,1,9,41.0,1,10,,,3,6,,9.0,2,,,,10,5,0.1,,0.5,4.6,0.6,1.0,0.2,,
377,Scotty Pippen Jr.,2023,2023,1,6,32.0,4,12,1.0,3.0,5,9,2.0,4.0,2,2.0,1.0,2.0,3,14,0.333,0.333,0.556,5.3,2.3,0.7,0.3,0.3,0.2
378,Jim Pollard,1949,1955,7,438,9391.0,2299,6379,,,1164,1552,,2487.0,1417,,,,1145,5762,0.36,,0.75,35.4,13.2,7.8,3.2,,
379,Josh Powell,2009,2010,2,123,1284.0,177,433,7.0,16.0,58,81,115.0,292.0,62,18.0,23.0,84.0,169,419,0.409,0.438,0.716,10.4,3.4,2.4,0.5,0.1,0.2
380,Jim Price,1973,1979,4,225,5002.0,942,2067,,,343,431,163.0,659.0,747,244.0,44.0,100.0,512,2227,0.456,,0.796,22.2,9.9,2.9,3.3,1.5,0.3
381,Ronnie Price,2015,2015,1,43,982.0,77,223,31.0,109.0,36,45,19.0,69.0,165,67.0,4.0,52.0,118,221,0.345,0.284,0.8,22.8,5.1,1.6,3.8,1.6,0.1
382,Taurean Prince,2024,2024,1,78,2108.0,253,572,141.0,356.0,50,68,21.0,230.0,119,58.0,35.0,73.0,146,697,0.442,0.396,0.735,27.0,8.9,2.9,1.5,0.7,0.4
383,Laron Profit,2006,2006,1,25,279.0,40,84,3.0,18.0,21,24,8.0,43.0,15,11.0,5.0,24.0,25,104,0.476,0.167,0.875,11.2,4.2,1.7,0.6,0.4,0.2
384,Vladimir Radmanović,2007,2009,3,166,3240.0,427,967,195.0,488.0,128,165,127.0,512.0,227,99.0,37.0,189.0,323,1177,0.442,0.4,0.776,19.5,7.1,3.1,1.4,0.6,0.2
385,Kurt Rambis,1982,1995,9,569,10059.0,1099,1998,0.0,4.0,618,907,1038.0,3134.0,483,481.0,319.0,669.0,1345,2816,0.55,0.0,0.681,17.7,4.9,5.5,0.8,0.8,0.6
386,Julius Randle,2015,2018,4,238,6622.0,1240,2515,37.0,144.0,702,979,503.0,2119.0,618,145.0,111.0,536.0,765,3219,0.493,0.257,0.717,27.8,13.5,8.9,2.6,0.6,0.5
387,Theo Ratliff,2011,2011,1,10,71.0,1,6,0.0,0.0,0,2,6.0,13.0,3,2.0,5.0,3.0,7,2,0.167,,0.0,7.1,0.2,1.3,0.3,0.2,0.5
388,Austin Reaves,2022,2025,4,276,8296.0,1313,2733,481.0,1308.0,867,1003,193.0,1049.0,1178,205.0,85.0,476.0,489,3974,0.48,0.368,0.864,30.1,14.4,3.8,4.3,0.7,0.3
389,Cam Reddish,2024,2025,2,81,1573.0,129,328,50.0,157.0,57,80,44.0,165.0,70,80.0,24.0,43.0,107,365,0.393,0.318,0.713,19.4,4.5,2.0,0.9,1.0,0.3
390,Davon Reed,2023,2023,1,8,27.0,3,4,1.0,2.0,1,4,1.0,4.0,4,2.0,0.0,0.0,3,8,0.75,0.5,0.25,3.4,1.0,0.5,0.5,0.3,0.0
391,Hub Reed,1964,1964,1,46,386.0,33,91,,,10,15,,107.0,23,,,,73,76,0.363,,0.667,8.4,1.7,2.3,0.5,,
392,J.R. Reid,1999,1999,1,25,473.0,44,108,0.0,1.0,38,53,24.0,99.0,23,15.0,0.0,23.0,72,126,0.407,0.0,0.717,18.9,5.0,4.0,0.9,0.6,0.0
393,Glen Rice,1999,2000,2,107,3515.0,592,1376,137.0,364.0,423,486,65.0,426.0,247,64.0,18.0,159.0,246,1744,0.43,0.376,0.87,32.9,16.3,4.0,2.3,0.6,0.2
394,Mitch Richmond,2002,2002,1,64,709.0,100,247,18.0,62.0,42,44,14.0,94.0,57,18.0,6.0,40.0,61,260,0.405,0.29,0.955,11.1,4.1,1.5,0.9,0.3,0.1
395,Isaiah Rider,2001,2001,1,67,1206.0,201,472,34.0,92.0,71,83,44.0,156.0,111,27.0,7.0,98.0,105,507,0.426,0.37,0.855,18.0,7.6,2.3,1.7,0.4,0.1
396,Pat Riley,1971,1976,6,296,4633.0,980,2288,,,356,483,64.0,462.0,497,91.0,8.0,,626,2316,0.428,,0.737,15.7,7.8,1.6,1.7,0.8,0.1
397,David Rivers,1989,1989,1,47,440.0,49,122,1.0,6.0,35,42,13.0,43.0,106,23.0,9.0,61.0,50,134,0.402,0.167,0.833,9.4,2.9,0.9,2.3,0.5,0.2
398,Rick Roberson,1970,1971,2,139,2914.0,387,887,,,208,355,,976.0,139,,,,381,982,0.436,,0.586,21.0,7.1,7.0,1.0,,
399,Fred Roberts,1996,1996,1,33,317.0,48,97,4.0,14.0,22,28,18.0,47.0,26,16.0,4.0,24.0,24,122,0.495,0.286,0.786,9.6,3.7,1.4,0.8,0.5,0.1
400,Marv Roberts,1977,1977,1,28,209.0,27,76,,,4,6,9.0,25.0,19,4.0,2.0,,34,58,0.355,,0.667,7.5,2.1,0.9,0.7,0.1,0.1
401,Cliff Robinson,1992,1992,1,9,78.0,11,27,0.0,1.0,7,8,7.0,19.0,9,5.0,0.0,7.0,4,29,0.407,0.0,0.875,8.7,3.2,2.1,1.0,0.6,0.0
402,Flynn Robinson,1972,1973,2,70,1054.0,276,563,,,117,137,,122.0,146,,,,150,669,0.49,,0.854,15.1,9.6,1.7,2.1,,
403,Rumeal Robinson,1997,1997,1,15,126.0,17,48,6.0,23.0,5,8,2.0,10.0,13,5.0,2.0,11.0,12,45,0.354,0.261,0.625,8.4,3.0,0.7,0.9,0.3,0.1
404,Thomas Robinson,2017,2017,1,48,560.0,105,196,0.0,1.0,31,66,84.0,223.0,31,26.0,9.0,46.0,76,241,0.536,0.0,0.47,11.7,5.0,4.6,0.6,0.5,0.2
405,Dave Robisch,1978,1979,2,135,1898.0,254,585,,,136,180,135.0,464.0,137,39.0,39.0,90.0,179,644,0.434,,0.756,14.1,4.8,3.4,1.0,0.3,0.3
406,John Roche,1976,1976,1,15,52.0,3,14,,,2,4,0.0,3.0,6,0.0,0.0,,7,8,0.214,,0.5,3.5,0.5,0.2,0.4,0.0,0.0
407,Dennis Rodman,1999,1999,1,23,657.0,16,46,0.0,2.0,17,39,62.0,258.0,30,10.0,12.0,31.0,71,49,0.348,0.0,0.436,28.6,2.1,11.2,1.3,0.4,0.5
408,Rajon Rondo,2019,2022,3,112,2642.0,335,831,100.0,297.0,51,79,67.0,434.0,674,109.0,14.0,252.0,183,821,0.403,0.337,0.646,23.6,7.3,3.9,6.0,1.0,0.1
409,Sean Rooks,1997,1999,3,146,1475.0,165,365,0.0,3.0,172,257,135.0,353.0,75,21.0,70.0,91.0,252,502,0.452,0.0,0.669,10.1,3.4,2.4,0.5,0.1,0.5
410,Kareem Rush,2003,2005,3,162,2207.0,290,696,69.0,216.0,49,77,49.0,201.0,130,45.0,32.0,114.0,187,698,0.417,0.319,0.636,13.6,4.3,1.2,0.8,0.3,0.2
411,Bryon Russell,2004,2004,1,72,945.0,98,244,43.0,112.0,50,65,32.0,146.0,71,32.0,12.0,37.0,110,289,0.402,0.384,0.769,13.1,4.0,2.0,1.0,0.4,0.2
412,Cazzie Russell,1975,1977,3,196,5263.0,1213,2561,,,421,480,170.0,592.0,441,166.0,12.0,,341,2847,0.474,,0.877,26.9,14.5,3.0,2.3,0.8,0.1
413,D'Angelo Russell,2016,2025,5,265,7843.0,1471,3435,593.0,1578.0,527,672,121.0,861.0,1290,282.0,77.0,617.0,504,4062,0.428,0.376,0.784,29.6,15.3,3.2,4.9,1.1,0.3
414,Matt Ryan,2023,2023,1,12,129.0,15,49,13.0,35.0,4,5,2.0,14.0,4,2.0,0.0,3.0,14,47,0.306,0.371,0.8,10.8,3.9,1.2,0.3,0.2,0.0
415,Robert Sacre,2013,2016,4,189,2745.0,318,729,0.0,1.0,151,225,212.0,593.0,126,56.0,110.0,102.0,336,787,0.436,0.0,0.671,14.5,4.2,3.1,0.7,0.3,0.6
416,John Salley,2000,2000,1,45,303.0,25,69,0.0,0.0,21,28,20.0,65.0,26,8.0,14.0,18.0,67,71,0.362,,0.75,6.7,1.6,1.4,0.6,0.2,0.3
417,Soumaila Samake,2003,2003,1,13,77.0,10,24,0.0,0.0,2,2,10.0,23.0,4,0.0,5.0,2.0,13,22,0.417,,1.0,5.9,1.7,1.8,0.3,0.0,0.4
418,Jamal Sampson,2004,2004,1,10,130.0,11,23,0.0,0.0,7,12,23.0,52.0,7,2.0,4.0,6.0,16,29,0.478,,0.583,13.0,2.9,5.2,0.7,0.2,0.4
419,Pep Saul,1952,1954,3,166,4360.0,421,1123,,,341,463,,380.0,317,,,,389,1183,0.375,,0.737,26.3,7.1,2.3,1.9,,
420,Herm Schaefer,1949,1950,2,123,,336,886,,,260,314,,,388,,,,225,932,0.379,,0.828,,7.6,,3.2,,
421,Danny Schayes,1994,1994,1,13,133.0,14,38,0.0,0.0,8,10,15.0,34.0,8,5.0,2.0,9.0,18,36,0.368,,0.8,10.2,2.8,2.6,0.6,0.4,0.2
422,Dick Schnittker,1954,1958,5,335,6744.0,843,2245,,,1049,1279,,1219.0,438,,,,932,2735,0.376,,0.82,20.1,8.2,3.6,1.3,,
423,Dennis Schröder,2021,2023,2,127,3942.0,602,1410,145.0,437.0,422,495,51.0,376.0,649,120.0,23.0,275.0,304,1771,0.427,0.332,0.853,31.0,13.9,3.0,5.1,0.9,0.2
424,Howie Schultz,1952,1953,2,106,1775.0,113,405,,,133,181,,326.0,131,,,,270,359,0.279,,0.735,16.7,3.4,3.1,1.2,,
425,Byron Scott,1984,1997,11,846,25533.0,5126,10461,595.0,1595.0,1933,2320,600.0,2534.0,2365,1038.0,232.0,1275.0,1722,12780,0.49,0.373,0.833,30.2,15.1,3.0,2.8,1.2,0.3
426,Charlie Scott,1978,1978,1,48,1393.0,225,509,,,110,142,38.0,148.0,235,59.0,11.0,133.0,155,560,0.442,,0.775,29.0,11.7,3.1,4.9,1.2,0.2
427,Shea Seals,1998,1998,1,4,9.0,1,8,0.0,3.0,2,4,3.0,4.0,0,1.0,0.0,0.0,1,4,0.125,0.0,0.5,2.3,1.0,1.0,0.0,0.3,0.0
428,Frank Selvy,1958,1964,6,364,9936.0,1418,3480,,,920,1263,,1301.0,1157,,,,812,3756,0.407,,0.728,27.3,10.3,3.6,3.2,,
429,Ramon Sessions,2012,2012,1,23,701.0,101,211,17.0,35.0,72,101,14.0,87.0,142,17.0,2.0,59.0,37,291,0.479,0.486,0.713,30.5,12.7,3.8,6.2,0.7,0.1
430,Chuck Share,1960,1960,1,3,18.0,3,4,,,1,1,,6.0,2,,,,4,7,0.75,,1.0,6.0,2.3,2.0,0.7,,
431,Brian Shaw,2000,2003,4,284,4613.0,449,1167,127.0,390.0,120,159,132.0,751.0,651,141.0,57.0,258.0,369,1145,0.385,0.326,0.755,16.2,4.0,2.6,2.3,0.5,0.2
432,Bob Sims,1962,1962,1,19,171.0,22,59,,,19,39,,27.0,12,,,,40,63,0.373,,0.487,9.0,3.3,1.4,0.6,,
433,Whitey Skoog,1952,1957,6,341,9193.0,1164,3000,,,472,591,,1133.0,903,,,,1027,2800,0.388,,0.799,27.0,8.2,3.3,2.6,,
434,Bobby Smith,1960,1962,2,13,137.0,13,55,,,11,16,,33.0,14,,,,11,37,0.236,,0.688,10.5,2.8,2.5,1.1,,
435,Don Smith,1949,1949,1,8,,2,13,,,2,3,,,2,,,,6,6,0.154,,0.667,,0.8,,0.3,,
436,Elmore Smith,1974,1975,2,155,5263.0,780,1651,,,259,480,414.0,1716.0,295,155.0,609.0,,564,1819,0.472,,0.54,34.0,11.7,11.1,1.9,1.0,3.9
437,J.R. Smith,2020,2020,1,6,79.0,7,22,1.0,11.0,2,2,0.0,5.0,3,1.0,0.0,4.0,5,17,0.318,0.091,1.0,13.2,2.8,0.8,0.5,0.2,0.0
438,Joe Smith,2011,2011,1,12,44.0,2,12,0.0,0.0,2,2,2.0,18.0,3,0.0,4.0,3.0,10,6,0.167,,1.0,3.7,0.5,1.5,0.3,0.0,0.3
439,Tony Smith,1991,1995,5,316,4908.0,747,1704,50.0,170.0,280,396,250.0,536.0,557,222.0,48.0,285.0,482,1824,0.438,0.294,0.707,15.5,5.8,1.7,1.8,0.7,0.2
440,Mike Smrek,1987,1988,2,83,654.0,74,163,0.0,0.0,60,91,40.0,122.0,13,11.0,55.0,49.0,175,208,0.454,,0.659,7.9,2.5,1.5,0.2,0.1,0.7
441,Ron Sobie,1960,1960,1,1,13.0,1,4,,,0,1,,2.0,2,,,,4,2,0.25,,0.0,13.0,2.0,2.0,2.0,,
442,Rory Sparrow,1992,1992,1,42,471.0,57,143,2.0,13.0,8,13,3.0,27.0,79,12.0,5.0,31.0,55,124,0.399,0.154,0.615,11.2,3.0,0.6,1.9,0.3,0.1
443,Art Spoelstra,1958,1958,1,50,1098.0,141,353,,,100,150,,281.0,51,,,,183,382,0.399,,0.667,22.0,7.6,5.6,1.0,,
444,Larry Spriggs,1984,1986,3,156,2126.0,326,628,0.0,6.0,186,245,121.0,369.0,211,77.0,26.0,203.0,328,838,0.519,0.0,0.759,13.6,5.4,2.4,1.4,0.5,0.2
445,Lance Stephenson,2019,2019,1,68,1123.0,184,432,73.0,197.0,50,73,32.0,215.0,140,41.0,7.0,86.0,111,491,0.426,0.371,0.685,16.5,7.2,3.2,2.1,0.6,0.1
446,Derek Strong,1996,1996,1,63,746.0,72,169,1.0,9.0,69,85,60.0,178.0,32,18.0,12.0,20.0,80,214,0.426,0.111,0.812,11.8,3.4,2.8,0.5,0.3,0.2
447,Gene Stump,1950,1950,1,23,,27,95,,,7,14,,,23,,,,32,61,0.284,,0.5,,2.7,,1.0,,
448,Don Sunderlage,1955,1955,1,45,404.0,33,133,,,48,73,,56.0,37,,,,57,114,0.248,,0.658,9.0,2.5,1.2,0.8,,
449,Cole Swider,2023,2023,1,7,41.0,3,9,3.0,8.0,0,0,1.0,7.0,4,0.0,0.0,0.0,3,9,0.333,0.375,,5.9,1.3,1.0,0.6,0.0,0.0
450,Earl Tatum,1977,1978,2,93,1912.0,436,921,,,117,159,106.0,326.0,188,122.0,32.0,53.0,253,989,0.473,,0.736,20.6,10.6,3.5,2.0,1.3,0.3
451,Terry Teagle,1991,1992,2,164,3100.0,699,1562,1.0,13.0,296,374,173.0,364.0,195,97.0,17.0,197.0,313,1695,0.448,0.077,0.791,18.9,10.3,2.2,1.2,0.6,0.1
452,Irving Thomas,1991,1991,1,26,108.0,17,50,0.0,0.0,12,21,14.0,31.0,10,4.0,1.0,13.0,24,46,0.34,,0.571,4.2,1.8,1.2,0.4,0.2,0.0
453,Isaiah Thomas,2018,2022,2,21,557.0,99,266,38.0,123.0,66,74,11.0,44.0,91,6.0,3.0,59.0,45,302,0.372,0.309,0.892,26.5,14.4,2.1,4.3,0.3,0.1
454,Billy Thompson,1987,1988,2,68,800.0,145,274,0.0,1.0,56,84,71.0,180.0,61,16.0,30.0,67.0,159,346,0.529,0.0,0.667,11.8,5.1,2.6,0.9,0.2,0.4
455,Mychal Thompson,1987,1991,5,335,7641.0,1184,2302,0.0,7.0,622,915,649.0,1797.0,206,166.0,264.0,393.0,879,2990,0.514,0.0,0.68,22.8,8.9,5.4,0.6,0.5,0.8
456,Sedale Threatt,1992,1996,5,386,11312.0,1900,3884,135.0,412.0,659,795,159.0,898.0,2018,542.0,69.0,605.0,982,4594,0.489,0.328,0.829,29.3,11.9,2.3,5.2,1.4,0.2
457,Jack Tingle,1949,1949,1,2,,1,6,,,0,0,,,1,,,,2,2,0.167,,,,1.0,,0.5,,
458,Ray Tolbert,1988,1988,1,14,82.0,16,28,0.0,0.0,10,13,9.0,20.0,5,3.0,3.0,11.0,14,42,0.571,,0.769,5.9,3.0,1.4,0.4,0.2,0.2
459,Juan Toscano-Anderson,2023,2023,1,30,365.0,33,66,4.0,20.0,11,15,14.0,61.0,25,10.0,7.0,17.0,46,81,0.5,0.2,0.733,12.2,2.7,2.0,0.8,0.3,0.2
460,Armel Traoré,2025,2025,1,9,67.0,6,19,0.0,7.0,2,7,2.0,15.0,1,4.0,2.0,3.0,6,14,0.316,0.0,0.286,7.4,1.6,1.7,0.1,0.4,0.2
461,John Trapp,1972,1973,2,63,794.0,142,326,,,58,83,,194.0,44,,,,140,342,0.436,,0.699,12.6,5.4,3.1,0.7,,
462,John Tresvant,1970,1971,2,28,287.0,65,123,,,30,45,,86.0,27,,,,51,160,0.528,,0.667,10.3,5.7,3.1,1.0,,
463,Ronny Turiaf,2006,2008,3,173,2706.0,350,695,0.0,2.0,244,347,194.0,602.0,199,48.0,196.0,131.0,431,944,0.504,0.0,0.703,15.6,5.5,3.5,1.2,0.3,1.1
464,Bill Turner,1973,1973,1,19,117.0,17,52,,,4,7,,25.0,11,,,,13,38,0.327,,0.571,6.2,2.0,1.3,0.6,,
465,Ime Udoka,2004,2004,1,4,28.0,3,9,0.0,1.0,2,4,1.0,5.0,2,2.0,1.0,3.0,3,8,0.333,0.0,0.5,7.0,2.0,1.3,0.5,0.5,0.3
466,Nick Van Exel,1994,1998,5,378,13147.0,2017,4924,750.0,2062.0,849,1068,178.0,1062.0,2749,391.0,40.0,837.0,656,5633,0.41,0.364,0.795,34.8,14.9,2.8,7.3,1.0,0.1
467,Jarred Vanderbilt,2023,2025,3,87,1720.0,184,360,27.0,92.0,68,101,146.0,470.0,116,95.0,18.0,80.0,159,463,0.511,0.293,0.673,19.8,5.3,5.4,1.3,1.1,0.2
468,Gabe Vincent,2024,2025,2,79,1655.0,176,447,107.0,318.0,16,23,24.0,96.0,113,58.0,13.0,46.0,165,475,0.394,0.336,0.696,20.9,6.0,1.2,1.4,0.7,0.2
469,Jay Vincent,1990,1990,1,24,200.0,41,78,0.0,1.0,8,12,7.0,26.0,10,8.0,3.0,19.0,29,90,0.526,0.0,0.667,8.3,3.8,1.1,0.4,0.3,0.1
470,Sasha Vujačić,2005,2011,7,420,5988.0,694,1767,363.0,977.0,282,322,138.0,700.0,485,235.0,22.0,204.0,629,2033,0.393,0.372,0.876,14.3,4.8,1.7,1.2,0.6,0.1
471,Von Wafer,2006,2006,1,16,73.0,6,38,2.0,17.0,6,8,5.0,8.0,4,3.0,0.0,1.0,12,20,0.158,0.118,0.75,4.6,1.3,0.5,0.3,0.2,0.0
472,Milt Wagner,1988,1988,1,40,380.0,62,147,2.0,10.0,26,29,4.0,28.0,61,6.0,4.0,22.0,42,152,0.422,0.2,0.897,9.5,3.8,0.7,1.5,0.2,0.1
473,Moritz Wagner,2019,2019,1,43,446.0,71,171,22.0,77.0,43,53,17.0,85.0,24,11.0,13.0,39.0,57,207,0.415,0.286,0.811,10.4,4.8,2.0,0.6,0.3,0.3
474,Dion Waiters,2020,2020,1,7,165.0,31,73,7.0,30.0,14,16,2.0,13.0,17,4.0,4.0,13.0,16,83,0.425,0.233,0.875,23.6,11.9,1.9,2.4,0.6,0.6
475,Lonnie Walker IV,2023,2023,1,56,1297.0,236,527,91.0,249.0,91,106,14.0,109.0,64,30.0,17.0,46.0,71,654,0.448,0.365,0.858,23.2,11.7,1.9,1.1,0.5,0.3
476,Samaki Walker,2002,2003,2,136,2898.0,302,639,0.0,1.0,152,230,244.0,849.0,128,48.0,143.0,109.0,313,756,0.473,0.0,0.661,21.3,5.6,6.2,0.9,0.4,1.1
477,Paul Walther,1950,1950,1,22,,32,80,,,11,21,,,10,,,,39,75,0.4,,0.524,,3.4,,0.5,,
478,Luke Walton,2004,2012,9,493,8529.0,961,2217,155.0,475.0,357,493,436.0,1408.0,1121,268.0,88.0,512.0,680,2434,0.433,0.326,0.724,17.3,4.9,2.9,2.3,0.5,0.2
479,Cornell Warner,1976,1977,2,95,2682.0,276,577,,,93,134,244.0,791.0,117,56.0,48.0,,311,645,0.478,,0.694,28.2,6.8,8.3,1.2,0.6,0.5
480,Kermit Washington,1974,1978,5,214,3934.0,500,1072,,,343,534,511.0,1433.0,183,119.0,152.0,53.0,565,1343,0.466,,0.642,18.4,6.3,6.7,0.9,0.6,0.7
481,Bobby Watson,1955,1955,1,50,546.0,62,173,,,22,35,,64.0,62,,,,56,146,0.358,,0.629,10.9,2.9,1.3,1.2,,
482,Travis Wear,2018,2018,1,17,228.0,25,72,17.0,47.0,8,8,0.0,38.0,7,4.0,5.0,6.0,30,75,0.347,0.362,1.0,13.4,4.4,2.2,0.4,0.2,0.3
483,Walt Wesley,1976,1976,1,1,7.0,1,2,,,2,4,0.0,1.0,1,0.0,0.0,,2,4,0.5,,0.5,7.0,4.0,1.0,1.0,0.0,0.0
484,Jerry West,1961,1974,14,932,36571.0,9016,19032,,,7160,8801,30.0,5366.0,6238,81.0,23.0,,2435,25192,0.474,,0.814,39.2,27.0,5.8,6.7,2.6,0.7
485,Russell Westbrook,2022,2023,2,130,4169.0,852,1962,142.0,478.0,422,637,169.0,901.0,941,128.0,43.0,479.0,356,2268,0.434,0.297,0.662,32.1,17.4,6.9,7.2,1.0,0.3
486,John Wetzel,1968,1968,1,38,434.0,52,119,,,35,46,,84.0,51,,,,55,139,0.437,,0.761,11.4,3.7,2.2,1.3,,
487,Gene Wiley,1963,1966,4,300,6386.0,553,1174,,,167,330,,2194.0,252,,,,811,1273,0.471,,0.506,21.3,4.2,7.3,0.8,,
488,Jamaal Wilkes,1978,1985,8,575,19270.0,4533,8790,6.0,49.0,1529,2029,1063.0,3119.0,1474,706.0,191.0,1195.0,1611,10601,0.516,,0.754,33.5,18.4,5.4,2.6,1.2,0.3
489,Bob Williams,1956,1957,2,24,193.0,22,50,,,26,48,,59.0,7,,,,38,70,0.44,,0.542,8.0,2.9,2.5,0.3,,
490,Derrick Williams,2018,2018,1,2,9.0,1,4,0.0,2.0,0,0,0.0,1.0,0,0.0,0.0,0.0,0,2,0.25,0.0,,4.5,1.0,0.5,0.0,0.0,0.0
491,Johnathan Williams,2019,2019,1,24,372.0,65,110,0.0,2.0,27,48,48.0,99.0,13,8.0,7.0,16.0,62,157,0.591,0.0,0.563,15.5,6.5,4.1,0.5,0.3,0.3
492,Lou Williams,2016,2017,2,125,3310.0,609,1427,232.0,637.0,656,768,45.0,301.0,350,127.0,30.0,227.0,174,2106,0.427,0.364,0.854,26.5,16.8,2.4,2.8,1.0,0.2
493,Ron Williams,1976,1976,1,9,158.0,17,43,,,10,13,2.0,19.0,21,3.0,0.0,,15,44,0.395,,0.769,17.6,4.9,2.1,2.3,0.3,0.0
494,Shammond Williams,2007,2007,1,30,345.0,35,86,20.0,50.0,4,6,11.0,40.0,31,12.0,0.0,13.0,20,94,0.407,0.4,0.667,11.5,3.1,1.3,1.0,0.4,0.0
495,Shawne Williams,2014,2014,1,36,751.0,73,192,42.0,129.0,14,20,25.0,167.0,30,19.0,30.0,21.0,93,202,0.38,0.326,0.7,20.9,5.6,4.6,0.8,0.5,0.8
496,Trevor Wilson,1994,1994,1,5,126.0,19,39,0.0,0.0,13,25,12.0,28.0,12,5.0,1.0,6.0,17,51,0.487,,0.52,25.2,10.2,5.6,2.4,1.0,0.2
497,Dylan Windler,2024,2024,1,8,28.0,4,9,4.0,8.0,0,0,0.0,3.0,6,0.0,0.0,0.0,2,12,0.444,0.5,,3.5,1.5,0.4,0.8,0.0,0.0
498,Brian Winters,1975,1975,1,68,1516.0,359,810,,,76,92,39.0,138.0,195,74.0,18.0,,168,794,0.443,,0.826,22.3,11.7,2.0,2.9,1.1,0.3
499,Christian Wood,2024,2024,1,50,872.0,123,264,35.0,114.0,66,94,39.0,254.0,49,16.0,33.0,50.0,72,347,0.466,0.307,0.702,17.4,6.9,5.1,1.0,0.3,0.7
500,Orlando Woolridge,1989,1990,2,136,2912.0,537,1044,0.0,6.0,429,583,130.0,455.0,154,69.0,111.0,176.0,290,1503,0.514,0.0,0.736,21.4,11.1,3.3,1.1,0.5,0.8
501,Metta World Peace,2010,2017,6,358,10015.0,1156,2932,420.0,1252.0,465,679,395.0,1297.0,699,453.0,139.0,400.0,766,3197,0.394,0.335,0.685,28.0,8.9,3.6,2.0,1.3,0.4
502,James Worthy,1983,1994,12,926,30001.0,6878,13204,117.0,486.0,2447,3184,1561.0,4708.0,2791,1041.0,624.0,1859.0,1975,16320,0.521,0.241,0.769,32.4,17.6,5.1,3.0,1.1,0.7
503,Wayne Yates,1962,1962,1,37,263.0,31,105,,,10,22,,94.0,16,,,,72,72,0.295,,0.455,7.1,1.9,2.5,0.4,,
504,Nick Young,2014,2017,4,220,5399.0,959,2370,465.0,1233.0,507,599,85.0,497.0,228,129.0,44.0,205.0,426,2890,0.405,0.377,0.846,24.5,13.1,2.3,1.0,0.6,0.2
505,Sun Yue,2009,2009,1,10,28.0,3,11,0.0,6.0,0,0,0.0,0.0,2,1.0,1.0,3.0,10,6,0.273,0.0,,2.8,0.6,0.0,0.2,0.1,0.1
506,Ivica Zubac,2017,2019,3,114,1535.0,299,553,0.0,4.0,128,166,140.0,444.0,80,26.0,75.0,89.0,186,726,0.541,0.0,0.771,13.5,6.4,3.9,0.7,0.2,0.7
